,,,,,,,,,CONFIRM_IP,LATITUDE,LONGITUDE,GMTOFF,DSTOFF,TIMEZONE,CC,REGION,NOTES,TAGS
,,,,,,,,,115.208.228.208,30.86,120.09,8,8,Asia/Shanghai,CN,ZJ,,
,,,,,,,,,87.253.244.243,52.43,8.91,1,2,Europe/Berlin,DE,NI,,
,,,,,,,,,5.90.19.26,45.06,7.64,1,2,Europe/Rome,IT,TO,,
,,,,,,,,,160.238.109.249,'-22.5700000,'-47.4000000,'-2,'-3,America/Sao_Paulo,BR,SP,,
,,,,,,,,,76.69.19.31,45.45,'-75.6800000,'-5,'-4,America/Montreal,CA,ON,,
,,,,,,,,,82.46.168.9,51.57,0.08,0,1,Europe/London,UK,RDB,,
,,,,,,,,,209.33.239.189,37.08,'-113.5800000,'-7,'-7,America/Phoenix,US,UT,,
,,,,,,,,,121.211.116.160,'-33.9900000,151.11,11,10,Australia/Sydney,AU,NSW,,
,,,,,,,,,24.28.96.179,30.46,'-97.7700000,'-6,'-5,America/Chicago,US,TX,,
,,,,,,,,,86.184.166.62,52.78,'-0.3900000,0,1,Europe/London,UK,LIN,,
,,,,,,,,,75.88.74.189,40.48,'-96.9600000,'-6,'-5,America/North_Dakota/New_Salem,US,NE,,
,,,,,,,,,100.8.164.254,40.85,'-73.9800000,'-5,'-4,America/New_York,US,NJ,,
,,,,,,,,,187.155.192.6,21.13,'-86.8900000,'-6,'-5,America/Cancun,MX,ROO,,
,,,,,,,,,212.219.142.118,51.86,'-4.3100000,0,1,Europe/London,UK,CMN,,
,,,,,,,,,161.29.222.31,'-36.8500000,174.77,13,12,Pacific/Auckland,NZ,AUK,,
,,,,,,,,,65.131.57.29,41.6,'-109.2300000,'-7,'-6,America/Denver,US,WY,,
,,,,,,,,,71.197.195.105,47.69,'-122.1900000,'-8,'-7,America/Los_Angeles,US,WA,,
,,,,,,,,,108.253.243.102,30.32,'-97.9400000,'-6,'-5,America/Chicago,US,TX,,
,,,,,,,,,71.62.174.234,39.17,'-78.1500000,'-5,'-4,America/New_York,US,VA,,
,,,,,,,,,24.235.146.187,44.33,'-78.3300000,'-5,'-4,America/Toronto,CA,ON,,
,,,,,,,,,99.234.47.62,43.67,'-79.7500000,'-5,'-4,America/Toronto,CA,ON,,
,,,,,,,,,75.128.8.253,35.26,'-120.6500000,'-8,'-7,America/Los_Angeles,US,CA,,
,,,,,,,,,83.57.122.108,42.14,'-8.8100000,1,2,Europe/Madrid,ES,PO,,
,,,,,,,,,188.197.159.248,46.39,15.57,1,2,Europe/Ljubljana,SI,113,,
,,,,,,,,,27.125.152.40,1.28,103.85,8,8,Asia/Singapore,SG,1,,
,,,,,,,,,104.225.166.206,29.74,'-95.4500000,'-6,'-5,America/Indiana/Knox,US,TX,,
,,,,,,,,,24.193.44.56,40.67,'-73.9900000,'-5,'-4,America/New_York,US,NY,,
,,,,,,,,,173.224.97.165,29.75,'-95.8100000,'-6,'-5,America/Indiana/Knox,US,TX,,
,,,,,,,,,91.204.86.23,50.73,26.3,2,3,Europe/Kiev,UA,56,,
,,,,,,,,,80.181.112.139,45.02,7.62,1,2,Europe/Rome,IT,TO,,
,,,,,,,,,49.37.3.33,22.53,88.36,6,6,Asia/Kolkata,IN,WB,,
,,,,,,,,,80.181.112.139,45.02,7.62,1,2,Europe/Rome,IT,TO,,
,,,,,,,,,92.203.146.35,35.75,139.7,9,9,Asia/Tokyo,JP,13,,
,,,,,,,,,123.212.62.8,37.44,127.14,9,9,Asia/Seoul,KR,41,,
,,,,,,,,,177.25.217.181,'-19.9100000,'-43.9800000,'-2,'-3,America/Sao_Paulo,BR,MG,,
,,,,,,,,,152.165.22.8,35.8,139.73,9,9,Asia/Tokyo,JP,11,,
,,,,,,,,,24.53.242.146,45.28,'-75.7600000,'-5,'-4,America/Montreal,CA,ON,,
,,,,,,,,,24.141.179.107,43.33,'-79.9100000,'-5,'-4,America/Toronto,CA,ON,,
,,,,,,,,,190.105.218.174,'-32.4100000,'-63.2300000,'-2,'-3,America/Argentina/Cordoba,AR,X,,
,,,,,,,,,70.31.44.224,43.52,'-79.8800000,'-5,'-4,America/Toronto,CA,ON,,
,,,,,,,,,151.228.43.169,52.66,0.16,0,1,Europe/London,UK,CAM,,
,,,,,,,,,66.31.227.205,43.07,'-70.7800000,'-5,'-4,America/New_York,US,NH,,
,,,,,,,,,103.14.17.214,'-6.5700000,106.75,7,7,Asia/Jakarta,ID,JB,,
,,,,,,,,,196.65.106.8,33.54,'-7.5900000,0,0,Africa/Casablanca,MA,6,,
,,,,,,,,,171.98.152.11,13.67,100.64,7,7,Asia/Bangkok,TH,10,,
,,,,,,,,,90.94.225.209,40.63,'-3.1600000,1,2,Europe/Madrid,ES,GU,,
,,,,,,,,,122.179.163.166,19.11,72.89,6,6,Asia/Kolkata,IN,MH,,
,,,,,,,,,168.232.228.91,'-12.5700000,'-38.7300000,'-3,'-3,America/Bahia,BR,BA,,
,,,,,,,,,69.174.135.255,39.96,'-85.9800000,'-5,'-4,America/Indiana/Indianapolis,US,IN,,
,,,,,,,,,75.68.254.7,42.65,'-71.9200000,'-5,'-4,America/New_York,US,MA,,
,,,,,,,,,73.202.53.248,37.38,'-122.0800000,'-8,'-7,America/Los_Angeles,US,CA,,
,,,,,,,,,100.42.254.80,44.7,'-63.6600000,'-4,'-3,America/Halifax,CA,NS,,
,,,,,,,,,31.202.123.51,49.98,36.28,2,3,Europe/Zaporozhye,UA,63,,
,,,,,,,,,175.209.23.152,37.49,127.08,9,9,Asia/Seoul,KR,11,,
,,,,,,,,,173.224.97.165,29.75,'-95.8100000,'-6,'-5,America/Indiana/Knox,US,TX,,
,,,,,,,,,162.239.40.83,41.6,'-87.6000000,'-6,'-5,America/Chicago,US,IL,,
,,,,,,,,,121.121.61.0,3.14,101.61,8,8,Asia/Kuala_Lumpur,MY,10,,
,,,,,,,,,179.95.240.218,'-20.4700000,'-54.6200000,'-3,'-4,America/Campo_Grande,BR,MS,,
,,,,,,,,,38.142.236.235,34.05,'-118.2700000,'-8,'-7,America/Los_Angeles,US,CA,,
,,,,,,,,,23.240.34.150,34.27,'-118.7700000,'-8,'-7,America/Los_Angeles,US,CA,,
,,,,,,,,,71.62.166.56,38.06,'-78.4900000,'-5,'-4,America/New_York,US,VA,,
,,,,,,,,,24.5.102.205,37.89,'-122.4700000,'-8,'-7,America/Los_Angeles,US,CA,,
,,,,,,,,,73.170.221.17,37.8,'-122.2100000,'-8,'-7,America/Los_Angeles,US,CA,,
,,,,,,,,,24.218.56.59,42.29,'-71.0700000,'-5,'-4,America/New_York,US,MA,,
,,,,,,,,,173.20.106.69,30.5,'-86.9000000,'-6,'-5,America/Indiana/Knox,US,FL,,
,,,,,,,,,108.28.72.233,39.15,'-77.0700000,'-5,'-4,America/New_York,US,MD,,
,,,,,,,,,83.49.58.57,40.3,'-3.7300000,1,2,Europe/Madrid,ES,M,,
,,,,,,,,,174.131.42.88,35.58,'-80.8200000,'-5,'-4,America/Kentucky/Monticello,US,NC,,
,,,,,,,,,100.33.21.46,40.64,'-73.2000000,'-5,'-4,America/New_York,US,NY,,
,,,,,,,,,104.225.180.133,37.35,'-79.2800000,'-5,'-4,America/Kentucky/Monticello,US,VA,,
,,,,,,,,,68.195.68.164,40.93,'-73.1100000,'-5,'-4,America/New_York,US,NY,,
,,,,,,,,,77.123.21.190,50.73,26.3,2,3,,ua,56,,
,,,,,,,,,37.239.70.26,33.35,44.42,3,3,,iq,bg,,
,,,,,,,,,149.224.117.172,53.54,10.01,1,2,Europe/Berlin,DE,HH,,
,,,,,,,,,151.72.100.67,40.46,17.3,1,2,Europe/Rome,IT,TA,,
,,,,,,,,,118.208.216.73,'-42.8800000,147.32,11,10,,au,tas,,
,,,,,,,,,185.76.69.66,49.37,35.46,2,3,Europe/Zaporozhye,UA,63,,
,,,,,,,,,90.252.133.36,51.44,'-2.6000000,0,1,Europe/London,UK,BST,,
,,,,,,,,,68.102.228.238,38.1,'-97.9200000,'-6,'-5,America/Chicago,US,KS,,
,,,,,,,,,37.161.179.33,45.47,9.19,1,2,,it,mi,,
,,,,,,,,,37.55.201.213,49.83,24.02,2,3,Europe/Uzhgorod,UA,46,,
,,,,,,,,,88.4.46.142,41.07,1.05,1,2,,es,t,,
,,,,,,,,,120.152.161.152,'-33.8700000,151.2,11,10,,au,nsw,,
,,,,,,,,,14.2.132.179,'-42.8800000,147.32,11,10,,au,tas,,
,,,,,,,,,75.80.11.252,33.11,'-117.1700000,'-8,'-7,America/Los_Angeles,US,CA,,
,,,,,,,,,108.206.192.250,41.94,'-87.7500000,'-6,'-5,773,us,il,,
,,,,,,,,,122.58.181.13,'-36.8500000,174.77,13,12,Pacific/Auckland,NZ,AUK,,
,,,,,,,,,101.174.153.192,'-34.9300000,138.61,11,10,Australia/Adelaide,AU,SA,,
,,,,,,,,,69.122.96.243,41.14,'-73.3500000,'-5,'-4,America/New_York,US,CT,,
,,,,,,,,,66.183.15.247,49.28,'-123.0400000,'-8,'-7,604,ca,bc,,
,,,,,,,,,73.46.71.132,26.03,'-80.1900000,'-5,'-4,954/754,us,fl,,
,,,,,,,,,60.226.194.42,'-27.2000000,152.96,10,10,,au,qld,,
,,,,,,,,,92.101.117.157,64.48,40.51,3,4,,ru,ark,,
,,,,,,,,,71.162.190.253,39.95,'-75.3000000,'-5,'-4,610/484,us,pa,,
,,,,,,,,,50.35.70.146,47.68,'-122.1200000,'-8,'-7,America/Los_Angeles,US,WA,,
,,,,,,,,,96.242.56.185,39.76,'-74.9300000,'-5,'-4,856,us,nj,,
,,,,,,,,,66.108.18.92,40.85,'-73.9400000,'-5,'-4,212/646/917/929,us,ny,,
,,,,,,,,,24.202.235.154,45.44,'-73.6800000,'-5,'-4,514,ca,qc,,
,,,,,,,,,80.93.116.30,46.48,30.73,2,3,,ua,51,,
,,,,,,,,,5.25.160.116,38.46,27.12,2,3,Europe/Istanbul,TR,35,,
,,,,,,,,,75.54.107.30,29.76,'-95.5100000,'-6,'-5,America/Indiana/Knox,US,TX,,
,,,,,,,,,85.225.63.218,55.69,14.23,1,2,Europe/Stockholm,SE,M,,
,,,,,,,,,5.90.145.180,45.47,7.88,1,2,,it,to,,
,,,,,,,,,188.163.96.94,48.46,35.02,2,3,,ua,12,,
,,,,,,,,,202.83.57.140,9.97,76.31,6,6,Asia/Kolkata,IN,KL,,
,,,,,,,,,73.17.59.191,43.83,'-69.9500000,'-5,'-4,America/New_York,US,ME,,
,,,,,,,,,109.87.96.198,49.98,36.28,2,3,Europe/Zaporozhye,UA,63,,
,,,,,,,,,187.56.94.79,'-22.8800000,'-47.0400000,'-2,'-3,,br,sp,,
,,,,,,,,,91.225.162.6,46.48,30.73,2,3,Europe/Simferopol,UA,51,,
,,,,,,,,,88.119.146.179,54.69,25.28,2,3,,lt,vl,,
,,,,,,,,,194.31.169.90,46.75,36.8,2,3,Europe/Zaporozhye,UA,23,,
,,,,,,,,,122.60.168.3,'-36.8500000,174.77,13,12,,nz,auk,,
,,,,,,,,,172.100.143.240,,,,,,,,,
,,,,,,,,,189.6.123.50,'-15.7900000,'-47.9400000,'-2,'-3,America/Sao_Paulo,BR,DF,,
,,,,,,,,,73.15.98.228,37.44,'-122.1900000,'-8,'-7,650,us,ca,,
,,,,,,,,,188.37.61.24,38.72,'-9.1500000,0,1,Europe/Lisbon,PT,11,,
,,,,,,,,,178.137.151.11,48.46,35.02,2,3,Europe/Zaporozhye,UA,12,,
,,,,,,,,,122.177.42.66,28.6,77.3,6,6,,in,dl,,
,,,,,,,,,177.204.84.140,'-29.9600000,'-51.2000000,'-2,'-3,,br,rs,,
,,,,,,,,,1.128.107.102,'-27.4700000,153.03,10,10,,au,qld,,
,,,,,,,,,195.191.58.178,51.51,31.28,2,3,,ua,74,,
,,,,,,,,,62.99.97.135,41.92,3.16,1,2,,es,gi,,
,,,,,,,,,85.52.163.156,37.39,'-5.9900000,1,2,,es,se,,
,,,,,,,,,176.88.31.71,39.86,32.84,2,3,Europe/Istanbul,TR,6,,
,,,,,,,,,70.251.213.243,34.12,'-84.0300000,'-5,'-4,770/678/470,us,ga,,
,,,,,,,,,46.219.225.204,48.46,35.02,2,3,,ua,12,,
,,,,,,,,,93.175.200.122,48.89,24.7,2,3,,ua,26,,
,,,,,,,,,37.73.176.207,50.44,30.53,2,3,Europe/Kiev,UA,30,,
,,,,,,,,,31.131.122.27,48.53,35.9,2,3,,ua,12,,
,,,,,,,,,93.74.223.175,50.49,30.46,2,3,Europe/Kiev,UA,30,,
,,,,,,,,,95.7.3.199,40.17,29.09,2,3,,tr,16,,
,,,,,,,,,176.122.105.132,48.81,29.38,2,3,Europe/Kiev,UA,5,,
,,,,,,,,,93.37.178.205,37.53,15.06,1,2,Europe/Rome,IT,CT,,
,,,,,,,,,104.200.132.245,49.29,'-123.1200000,'-8,'-7,America/Vancouver,CA,BC,,
,,,,,,,,,84.31.189.112,52.02,5.18,1,2,,nl,ut,,
,,,,,,,,,78.171.200.245,41.01,28.98,2,3,,tr,34,,
,,,,,,,,,49.36.54.131,23.45,77.36,6,6,,in,mp,,
,,,,,,,,,88.202.85.61,53.08,8.83,1,2,,de,hb,,
,,,,,,,,,184.83.128.4,43.52,'-96.7300000,'-6,'-5,America/North_Dakota/New_Salem,US,SD,,
,,,,,,,,,216.51.215.225,43.08,'-96.1800000,'-6,'-5,712,us,ia,,
,,,,,,,,,217.23.236.147,54.79,'-1.5300000,0,1,Europe/London,UK,DUR,,
,,,,,,,,,84.247.240.90,45.26,10.41,1,2,Europe/Rome,IT,MN,,
,,,,,,,,,204.111.130.26,38.88,'-78.5100000,'-5,'-4,540,us,va,,
,,,,,,,,,89.210.53.243,37.98,23.73,2,3,,gr,i,,
,,,,,,,,,76.23.181.23,41.42,'-73.6000000,'-5,'-4,845,us,ny,,
,,,,,,,,,202.72.245.209,47.91,106.88,8,8,Asia/Ulaanbaatar,MN,1,,
,,,,,,,,,24.192.252.202,42.54,'-83.2100000,'-5,'-4,America/Detroit,US,MI,,
,,,,,,,,,134.41.191.9,44.73,'-63.6700000,'-4,'-3,902,ca,ns,,
,,,,,,,,,73.149.93.171,41.46,'-72.8200000,'-5,'-4,America/New_York,US,CT,,
,,,,,,,,,109.146.121.165,54.14,'-1.5200000,0,1,,uk,nyk,,
,,,,,,,,,98.216.106.158,42.37,'-71.1000000,'-5,'-4,America/New_York,US,MA,,
,,,,,,,,,71.219.7.86,38,'-78.4600000,'-5,'-4,America/New_York,US,VA,,
,,,,,,,,,101.108.0.53,14.06,100.52,7,7,,th,13,,
,,,,,,,,,219.70.48.165,25.03,121.51,8,8,,tw,tpe,,
,,,,,,,,,185.89.34.28,54.04,'-2.7800000,0,1,,uk,lan,,
,,,,,,,,,37.186.41.124,25.29,51.51,3,3,,qa,da,,
,,,,,,,,,180.211.179.90,23.71,90.41,6,6,Asia/Dhaka,BD,C,,
,,,,,,,,,203.166.220.2,22.53,114.13,8,8,,cn,gd,,
,,,,,,,,,24.214.163.133,32.52,'-84.9800000,'-5,'-4,706/762,us,ga,,
,,,,,,,,,82.158.8.96,40.43,'-3.5300000,1,2,,es,m,,
,,,,,,,,,24.91.234.34,41.73,'-70.4800000,'-5,'-4,508/774,us,ma,,
,,,,,,,,,98.192.121.228,33.61,'-84.5000000,'-5,'-4,America/Kentucky/Monticello,US,GA,,
,,,,,,,,,107.77.228.212,34.07,'-118.1500000,'-8,'-7,America/Los_Angeles,US,CA,,
,,,,,,,,,71.62.20.142,38.06,'-78.4900000,'-5,'-4,America/New_York,US,VA,,
,,,,,,,,,70.66.73.14,48.45,'-123.4900000,'-8,'-7,250,ca,bc,,
,,,,,,,,,105.112.59.48,6.49,3.41,1,1,,ng,la,,
,,,,,,,,,73.240.68.22,45.49,'-122.6000000,'-8,'-7,503/971,us,or,,
,,,,,,,,,108.173.170.94,51.04,'-114.1200000,'-7,'-6,403,ca,ab,,
,,,,,,,,,124.197.2.4,'-45.9400000,169.26,13,12,,nz,ota,,
,,,,,,,,,80.56.148.135,51.99,5.91,1,2,,nl,ge,,
,,,,,,,,,104.225.163.84,37.29,'-80.0800000,'-5,'-4,540,us,va,,
,,,,,,,,,76.176.133.217,33.15,'-117.3100000,'-8,'-7,442/760,us,ca,,
,,,,,,,,,24.6.146.94,37.79,'-122.4200000,'-8,'-7,415/628,us,ca,,
,,,,,,,,,62.74.0.50,42.37,'-71.1000000,2,3,617/857,us,ma,,
,,,,,,,,,65.128.254.3,44.94,'-93.0100000,'-6,'-5,651,us,mn,,
,,,,,,,,,31.4.216.73,37.39,'-5.9900000,1,2,,es,se,,
,,,,,,,,,104.225.180.133,,,,,,,,,
,,,,,,,,,107.140.219.78,32.81,'-96.8200000,'-6,'-5,214/469/972,us,tx,,
,,,,,,,,,5.91.78.173,38.12,13.36,1,2,,it,pa,,
,,,,,,,,,188.25.106.148,44.41,26.02,2,3,,ro,b,,
,,,,,,,,,2.47.177.28,41.13,16.87,1,2,Europe/Rome,IT,BA,,
,,,,,,,,,98.208.177.165,25.94,'-81.7200000,'-5,'-4,239,us,fl,,
,,,,,,,,,76.24.31.194,42.38,'-71.1300000,'-5,'-4,617/857,us,ma,,
,,,,,,,,,80.100.92.199,51.84,5.87,1,2,,nl,ge,,
,,,,,,,,,5.171.24.22,42.56,12.65,1,2,,it,tr,,
,,,,,,,,,121.221.153.2,'-37.7700000,145,11,10,,au,vic,,
,,,,,,,,,151.48.31.189,45.58,9.08,1,2,,it,mi,,
,,,,,,,,,178.26.179.52,48.17,11.59,1,2,,de,by,,
,,,,,,,,,193.111.55.2,39.16,'-0.2500000,1,2,,es,v,,
,,,,,,,,,79.0.39.125,46.06,13.23,1,2,,it,36,,
,,,,,,,,,79.156.184.29,37.38,'-6.0500000,1,2,,es,se,,
,,,,,,,,,79.16.175.172,45.81,9.08,1,2,Europe/Rome,IT,CO,,
,,,,,,,,,87.6.60.104,44.53,11.32,1,2,,it,bo,,
,,,,,,,,,46.106.109.123,41.01,28.93,2,3,Europe/Istanbul,TR,34,,
,,,,,,,,,116.15.235.60,1.28,103.85,8,8,,sg,1,,
,,,,,,,,,186.12.4.104,'-34.5700000,'-58.5200000,'-2,'-3,America/Argentina/Buenos_Aires,AR,B,,
,,,,,,,,,37.161.64.38,45.47,9.19,1,2,,it,mi,,
,,,,,,,,,91.75.220.112,25.27,55.33,4,4,,ae,du,,
,,,,,,,,,126.77.1.63,35.64,139.65,9,9,,jp,13,,
,,,,,,,,,115.65.197.46,35.63,139.57,9,9,,jp,13,,
,,,,,,,,,123.30.143.193,21.03,105.84,7,7,Asia/Ho_Chi_Minh,VN,HN,,
,,,,,,,,,174.118.171.76,48.96,'-54.6100000,'-4,'-3,709,ca,nl,,
,,,,,,,,,98.165.10.141,33.62,'-111.9600000,'-7,'-7,480,us,az,,
,,,,,,,,,168.197.26.213,'-23.5400000,'-46.8500000,'-2,'-3,,br,sp,,
,,,,,,,,,187.207.101.18,19.38,'-99.1600000,'-6,'-5,,mx,cmx,,
,,,,,,,,,203.211.100.47,'-36.8500000,174.77,13,12,,nz,auk,,
,,,,,,,,,104.192.152.114,52.46,'-112.8400000,'-7,'-6,America/Edmonton,CA,AB,,
,,,,,,,,,47.17.120.188,41.34,'-74.1900000,'-5,'-4,845,us,ny,,
,,,,,,,,,70.162.252.252,33.32,'-111.8800000,'-7,'-7,480,us,az,,
,,,,,,,,,73.251.124.46,38.06,'-78.4900000,'-5,'-4,America/New_York,US,VA,,
,,,,,,,,,90.219.135.31,55.98,'-3.7300000,0,1,,uk,fal,,
,,,,,,,,,217.56.13.66,45.48,8.82,1,2,,it,mi,,
,,,,,,,,,90.225.122.106,56.55,14.14,1,2,,se,g,,
,,,,,,,,,80.117.8.228,44.52,11.39,1,2,,it,bo,,
,,,,,,,,,103.12.198.90,33.71,73.13,5,5,,pk,is,,
,,,,,,,,,62.19.205.156,45.46,9.2,1,2,,it,mi,,
,,,,,,,,,213.74.155.75,33.72,'-84.3300000,2,3,404/678/470,us,ga,,
,,,,,,,,,91.189.98.157,52.37,4.89,1,2,,nl,nh,,
,,,,,,,,,72.222.122.43,36.19,'-95.9800000,'-6,'-5,539/918,us,ok,,
,,,,,,,,,99.156.186.46,30.51,'-97.6700000,'-6,'-5,512/737,us,tx,,
,,,,,,,,,67.176.66.36,39.74,'-104.9800000,'-7,'-6,303/720,us,co,,
,,,,,,,,,105.112.153.21,6.49,3.41,1,1,,ng,la,,
,,,,,,,,,92.245.176.72,39.16,8.52,1,2,,it,sd,,
,,,,,,,,,79.36.25.185,41.88,12.47,1,2,,it,rm,,
,,,,,,,,,27.4.222.235,19.07,72.88,6,6,,in,mh,,
,,,,,,,,,107.202.75.221,29.75,'-95.6100000,'-6,'-5,America/Indiana/Knox,US,TX,,
,,,,,,,,,108.235.149.249,34.13,'-118.6600000,'-8,'-7,424/310,us,ca,,
,,,,,,,,,117.194.225.20,22.48,88.35,6,6,,in,wb,,
,,,,,,,,,47.144.8.90,34.22,'-118.9800000,'-8,'-7,805/820,us,ca,,
,,,,,,,,,73.31.186.245,37.92,'-78.3200000,'-5,'-4,434,us,va,,
,,,,,,,,,87.13.143.174,40.35,18.17,1,2,,it,le,,
,,,,,,,,,173.35.242.28,43.69,'-79.3100000,'-5,'-4,416,ca,on,,
,,,,,,,,,151.47.34.25,41.91,12.37,1,2,,it,rm,,
,,,,,,,,,2.236.51.195,41.91,12.37,1,2,,it,rm,,
,,,,,,,,,93.12.131.22,48.84,2.29,1,2,Europe/Paris,FR,IDF,,
,,,,,,,,,1.129.109.226,'-33.8700000,151.2,11,10,Australia/Sydney,AU,NSW,,
,,,,,,,,,125.165.47.155,'-6.1300000,106.75,7,7,,id,jk,,
,,,,,,,,,151.19.179.187,45.51,9.22,1,2,,it,mi,,
,,,,,,,,,94.34.218.103,45.07,7.67,1,2,,it,to,,
,,,,,,,,,174.7.156.62,49.31,'-123.0600000,'-8,'-7,604,ca,bc,,
,,,,,,,,,129.0.76.165,4.05,9.71,1,1,Africa/Douala,CM,LT,,
,,,,,,,,,188.152.33.85,37.52,15.1,1,2,Europe/Rome,IT,CT,,
,,,,,,,,,142.184.166.105,43.67,'-79.4200000,'-5,'-4,416,ca,on,,
,,,,,,,,,71.225.100.182,40.04,'-75.5400000,'-5,'-4,610/484,us,pa,,
,,,,,,,,,187.19.27.179,'-21.3600000,'-43.0500000,'-2,'-3,,br,mg,,
,,,,,,,,,189.190.213.155,19.01,'-98.2300000,'-6,'-5,,mx,pue,,
,,,,,,,,,93.32.75.80,45.47,9.23,1,2,,it,mi,,
,,,,,,,,,47.18.255.113,40.8,'-72.8700000,'-5,'-4,631/934,us,ny,,
,,,,,,,,,191.33.233.61,'-16.4800000,'-54.6400000,'-2,'-3,,br,mt,,
,,,,,,,,,71.224.192.193,40.03,'-75.3300000,'-5,'-4,America/New_York,US,PA,,
,,,,,,,,,45.29.180.38,26.31,'-80.1900000,'-5,'-4,America/Kentucky/Monticello,US,FL,,
,,,,,,,,,223.191.60.254,22.48,88.35,6,6,,in,wb,,
,,,,,,,,,76.116.207.152,40.65,'-74.3100000,'-5,'-4,America/New_York,US,NJ,,
,,,,,,,,,94.234.46.103,55.59,13.01,1,2,,se,m,,
,,,,,,,,,24.246.12.17,45.42,'-75.6800000,'-5,'-4,613,ca,on,,
,,,,,,,,,174.53.75.221,38.37,'-78.3200000,'-5,'-4,540,us,va,,
,,,,,,,,,194.156.111.83,41.9,12.44,1,2,,it,rm,,
,,,,,,,,,143.131.214.119,43.43,'-4.0400000,1,2,,es,s,,
,,,,,,,,,209.6.227.70,42.37,'-71.1800000,'-5,'-4,781/339,us,ma,,
,,,,,,,,,196.207.144.87,'-1.2900000,36.82,3,3,,ke,30,,
,,,,,,,,,5.90.43.163,45.5,9.14,1,2,,it,mi,,
,,,,,,,,,176.199.208.24,49.47,8.49,1,2,,de,bw,,
,,,,,,,,,83.51.245.245,41.02,0.83,1,2,,es,t,,
,,,,,,,,,93.144.243.37,38.13,13.32,1,2,,it,pa,,
,,,,,,,,,41.90.78.77,'-1.2900000,36.82,3,3,,ke,30,,
,,,,,,,,,217.96.242.151,51.14,17.06,1,2,,pl,2,,
,,,,,,,,,66.60.217.214,44.24,'-94.9800000,'-6,'-5,507,us,mn,,
,,,,,,,,,182.253.250.32,'-6.1300000,106.75,7,7,,id,jk,,
,,,,,,,,,173.206.3.211,43.79,'-79.4200000,'-5,'-4,416,ca,on,,
,,,,,,,,,68.112.209.243,30.37,'-90.0300000,'-6,'-5,985,us,la,,
,,,,,,,,,73.226.115.118,40.48,'-74.6300000,'-5,'-4,908,us,nj,,
,,,,,,,,,184.146.64.27,43.25,'-79.8400000,'-5,'-4,905,ca,on,,
,,,,,,,,,73.233.102.126,40.13,'-75.3500000,'-5,'-4,610/484,us,pa,,
,,,,,,,,,76.109.72.109,26.45,'-80.1700000,'-5,'-4,561,us,fl,,
,,,,,,,,,47.152.55.160,34.13,'-117.4600000,'-8,'-7,909,us,ca,,
,,,,,,,,,45.128.189.11,47.84,35.14,2,3,,ua,23,,
,,,,,,,,,92.176.140.45,41.55,2.1,1,2,,es,b,,
,,,,,,,,,24.209.8.29,39.88,'-84.3500000,'-5,'-4,937,us,oh,,
,,,,,,,,,86.182.16.94,52.06,1.16,0,1,,uk,sfk,,
,,,,,,,,,49.36.129.12,28.61,77.22,6,6,Asia/Kolkata,IN,DL,,
,,,,,,,,,82.32.8.2,51.34,'-0.0100000,0,1,,uk,cry,,
,,,,,,,,,5.171.48.106,43.6,13.51,1,2,,it,an,,
,,,,,,,,,141.237.110.86,40.62,22.96,2,3,,gr,b,,
,,,,,,,,,72.78.79.179,40.04,'-75.5400000,'-5,'-4,610/484,us,pa,,
,,,,,,,,,45.37.167.61,35.97,'-78.8400000,'-5,'-4,919/984,us,nc,,
,,,,,,,,,68.55.126.137,42.49,'-83.1400000,'-5,'-4,248/947,us,mi,,
,,,,,,,,,71.236.35.179,36.26,'-86.7100000,'-6,'-5,615/629,us,tn,,
,,,,,,,,,24.161.101.249,40.92,'-73.7900000,'-5,'-4,914,us,ny,,
,,,,,,,,,5.91.110.111,37.61,15.17,1,2,,it,ct,,
,,,,,,,,,172.104.85.230,,,,,,,,,
,,,,,,,,,78.147.109.226,53.64,'-1.8500000,0,1,,uk,kir,,
,,,,,,,,,101.15.212.203,25.03,121.51,8,8,,tw,tpe,,
,,,,,,,,,217.27.120.113,36.72,15.09,1,2,,it,sr,,
,,,,,,,,,130.25.24.72,38.12,13.36,1,2,,it,pa,,
,,,,,,,,,89.12.65.151,52.48,13.44,1,2,,de,be,,
,,,,,,,,,5.88.106.18,37.53,15.06,1,2,,it,ct,,
,,,,,,,,,68.11.134.64,30.45,'-91.0600000,'-6,'-5,225,us,la,,
,,,,,,,,,213.4.181.115,39.63,'-0.3000000,1,2,,es,v,,
,,,,,,,,,213.99.219.26,39.65,2.9,1,2,,es,pm,,
,,,,,,,,,96.246.23.24,40.75,'-73.8200000,'-5,'-4,America/New_York,US,NY,,
,,,,,,,,,174.193.142.119,34.03,'-118.3200000,'-8,'-7,323,us,ca,,
,,,,,,,,,166.70.211.132,40.32,'-111.7000000,'-7,'-6,801/385,us,ut,,
,,,,,,,,,47.187.198.163,33.08,'-96.7500000,'-6,'-5,214/469/972,us,tx,,
,,,,,,,,,85.76.32.40,60.17,24.93,2,3,,fi,18,,
,,,,,,,,,24.243.248.44,31.14,'-97.9300000,'-6,'-5,254,us,tx,,
,,,,,,,,,73.137.2.50,33.88,'-84.6900000,'-5,'-4,770/678/470,us,ga,,
,,,,,,,,,177.247.73.245,19.25,'-96.2700000,'-6,'-5,America/Mexico_City,MX,VER,,
,,,,,,,,,66.229.107.64,26.25,'-80.2100000,'-5,'-4,America/Kentucky/Monticello,US,FL,,
,,,,,,,,,31.142.31.100,39.12,27.18,2,3,,tr,35,,
,,,,,,,,,107.77.197.202,30.45,'-91.1300000,'-6,'-5,225,us,la,,
,,,,,,,,,188.57.143.230,39.92,32.85,2,3,,tr,6,,
,,,,,,,,,71.224.140.60,39.98,'-75.2200000,'-5,'-4,215/267/445,us,pa,,
,,,,,,,,,47.60.52.199,43.28,'-1.9500000,1,2,,es,ss,,
,,,,,,,,,93.43.178.80,41.13,16.85,1,2,,it,ba,,
,,,,,,,,,89.199.82.218,35.69,51.41,4,5,,ir,7,,
,,,,,,,,,82.215.128.141,43.89,8.03,1,2,,it,im,,
,,,,,,,,,107.77.224.169,40.84,'-73.9200000,'-5,'-4,347/718/929/917,us,ny,,
,,,,,,,,,174.221.8.140,41.81,'-87.7100000,'-6,'-5,773/872/312/708,us,il,,
,,,,,,,,,72.83.178.137,38.82,'-76.9400000,'-5,'-4,America/New_York,US,MD,,
,,,,,,,,,173.3.229.207,40.94,'-73.9600000,'-5,'-4,America/New_York,US,NJ,,
,,,,,,,,,124.191.70.12,'-28.0000000,153.42,10,10,,au,qld,,
,,,,,,,,,70.122.40.252,29.64,'-98.6600000,'-6,'-5,210/726,us,tx,,
,,,,,,,,,62.131.43.167,52.04,6.1,1,2,,nl,ge,,
,,,,,,,,,217.200.113.101,43.6,13.51,1,2,,it,an,,
,,,,,,,,,205.201.23.86,42.34,'-71.1000000,'-5,'-4,617/857,us,ma,,
,,,,,,,,,172.14.51.56,,,,,,,,,
,,,,,,,,,174.223.17.149,32.47,'-85.0200000,'-5,'-4,334,us,al,,
,,,,,,,,,71.219.73.114,38.04,'-78.5200000,'-5,'-4,434,us,va,,
,,,,,,,,,174.117.173.79,47.52,'-52.8100000,'-4,'-3,709,ca,nl,,
,,,,,,,,,193.160.241.10,45.88,11.51,1,2,,it,vi,,
,,,,,,,,,79.13.120.75,43.77,11.21,1,2,,it,fi,,
,,,,,,,,,93.45.48.221,37.53,15.11,1,2,,it,ct,,
,,,,,,,,,79.23.132.208,43.77,11.26,1,2,,it,fi,,
,,,,,,,,,151.41.210.245,45.49,9.12,1,2,,it,mi,,
,,,,,,,,,216.154.19.121,43.67,'-79.4200000,'-5,'-4,416,ca,on,,
,,,,,,,,,116.240.220.186,'-31.9500000,115.86,8,8,,au,wa,,
,,,,,,,,,43.245.10.5,31.49,74.4,5,5,,pk,pb,,
,,,,,,,,,93.36.166.26,45.06,7.69,1,2,,it,to,,
,,,,,,,,,24.137.93.1,47.62,'-53.1400000,'-4,'-3,709,ca,nl,,
,,,,,,,,,42.108.239.187,18.51,73.88,6,6,,in,mh,,
,,,,,,,,,201.4.248.167,'-22.9000000,'-43.1800000,'-2,'-2,,br,rj,,
,,,,,,,,,93.36.166.130,45.06,7.64,1,2,,it,to,,
,,,,,,,,,82.189.45.6,43.69,12.65,1,2,,it,pu,,
,,,,,,,,,193.205.128.80,43.62,13.51,1,2,,it,an,,
,,,,,,,,,103.104.24.10,10.77,106.68,7,7,,vn,sg,,
,,,,,,,,,182.69.194.35,28.6,77.3,6,6,Asia/Kolkata,IN,DL,,
,,,,,,,,,151.18.187.63,45.49,9.23,1,2,,it,mi,,
,,,,,,,,,106.215.116.161,28.61,77.22,6,6,,in,dl,,
,,,,,,,,,104.56.182.29,29.79,'-95.3300000,'-6,'-5,713/281/832,us,tx,,
,,,,,,,,,23.125.141.240,29.64,'-98.6600000,'-6,'-5,210/726,us,tx,,
,,,,,,,,,175.33.194.175,'-37.8100000,144.96,11,10,,au,vic,,
,,,,,,,,,75.157.215.249,49.23,'-123.1500000,'-8,'-7,604,ca,bc,,
,,,,,,,,,93.23.198.101,48.83,2.24,1,2,,fr,idf,,
,,,,,,,,,162.207.202.212,37.37,'-121.8200000,'-8,'-7,408/669,us,ca,,
,,,,,,,,,47.185.165.185,33.03,'-97.0700000,'-6,'-5,214/469/972,us,tx,,
,,,,,,,,,108.253.180.30,33.19,'-117.2400000,'-8,'-7,442/760,us,ca,,
,,,,,,,,,120.159.112.197,'-37.8100000,144.96,11,10,Australia/Melbourne,AU,VIC,,
,,,,,,,,,75.72.185.62,44.94,'-93.2200000,'-6,'-5,612,us,mn,,
,,,,,,,,,24.8.165.216,39.83,'-105.0100000,'-7,'-6,303/720,us,co,,
,,,,,,,,,108.196.195.214,30.24,'-81.6200000,'-5,'-4,904,us,fl,,
,,,,,,,,,60.246.35.132,22.2,113.55,8,8,,mo,no region,,
,,,,,,,,,71.211.169.188,39.77,'-105.0500000,'-7,'-6,303/720,us,co,,
,,,,,,,,,98.245.161.85,40.05,'-105.2100000,'-7,'-6,303/720,us,co,,
,,,,,,,,,84.90.149.110,40.56,'-8.5400000,0,1,,pt,1,,
,,,,,,,,,72.69.88.152,40.76,'-73.7800000,'-5,'-4,347/718/917/929,us,ny,,
,,,,,,,,,212.77.47.19,47.11,9.53,1,2,,li,9,,
,,,,,,,,,66.41.247.113,44.98,'-93.2700000,'-6,'-5,612,us,mn,,
,,,,,,,,,116.91.254.7,35.84,137.96,9,9,,jp,20,,
,,,,,,,,,85.243.120.150,38.64,'-9.1000000,0,1,,pt,15,,
,,,,,,,,,68.47.181.117,36.13,'-86.8000000,'-6,'-5,615/629,us,tn,,
,,,,,,,,,73.46.76.254,26.01,'-80.4300000,'-5,'-4,954/754,us,fl,,
,,,,,,,,,24.86.137.40,49.25,'-123.0900000,'-8,'-7,604,ca,bc,,
,,,,,,,,,69.172.163.220,49.26,'-123.1300000,'-8,'-7,604,ca,bc,,
,,,,,,,,,88.108.219.142,52.46,'-1.9600000,0,1,,uk,bir,,
,,,,,,,,,24.218.81.86,42.37,'-71.1000000,'-5,'-4,617/857,us,ma,,
,,,,,,,,,64.38.187.145,38.81,'-123.5600000,'-8,'-7,707,us,ca,,
,,,,,,,,,66.241.81.24,42.16,'-122.6300000,'-8,'-7,458/541,us,or,,
,,,,,,,,,24.67.60.130,50.7,'-119.2700000,'-8,'-7,250,ca,bc,,
,,,,,,,,,47.55.221.153,47.62,'-52.7000000,'-4,'-3,709,ca,nl,,
,,,,,,,,,108.39.96.200,36.78,'-76.0800000,'-5,'-4,757,us,va,,
,,,,,,,,,173.48.229.16,42.53,'-71.1100000,'-5,'-4,781/339,us,ma,,
,,,,,,,,,12.187.198.195,37.37,'-93.1300000,'-6,'-5,417,us,mo,,
,,,,,,,,,179.219.84.192,'-30.0300000,'-51.1300000,'-2,'-3,,br,rs,,
,,,,,,,,,82.0.168.133,51.45,'-0.0700000,0,1,,uk,swk,,
,,,,,,,,,120.17.223.76,'-33.8700000,151.2,11,10,,au,nsw,,
,,,,,,,,,184.55.202.191,43.15,'-87.9100000,'-6,'-5,414,us,wi,,
,,,,,,,,,73.107.48.54,26.64,'-81.8700000,'-5,'-4,239,us,fl,,
,,,,,,,,,106.215.184.18,28.65,77.17,6,6,,in,dl,,
,,,,,,,,,81.135.61.146,54.84,'-1.4700000,0,1,,uk,snd,,
,,,,,,,,,201.54.69.20,'-23.2600000,'-51.1600000,'-2,'-3,,br,pr,,
,,,,,,,,,169.255.124.243,6.49,3.41,1,1,,ng,la,,
,,,,,,,,,37.117.74.182,45.41,11.88,1,2,,it,pd,,
,,,,,,,,,93.34.139.218,43.78,11.26,1,2,,it,fi,,
,,,,,,,,,59.86.51.150,35.01,138.42,9,9,,jp,22,,
,,,,,,,,,64.186.114.17,55.47,'-133.1500000,'-9,'-8,907,us,ak,,
,,,,,,,,,110.141.9.178,'-42.8800000,147.32,11,10,,au,tas,,
,,,,,,,,,24.4.63.252,37.49,'-122.2000000,'-8,'-7,650,us,ca,,
,,,,,,,,,126.255.46.232,35.68,139.75,9,9,,jp,13,,
,,,,,,,,,61.9.110.35,14.65,121.03,8,8,,ph,man,,
,,,,,,,,,70.176.38.179,33.25,'-111.8800000,'-7,'-7,480,us,az,,
,,,,,,,,,184.101.8.150,33.24,'-111.7200000,'-7,'-7,480,us,az,,
,,,,,,,,,128.103.224.84,41.47,'-81.7400000,,,216,us,oh,,
,,,,,,,,,129.78.56.130,'-33.8700000,151.2,11,10,,au,nsw,,
,,,,,,,,,123.243.247.231,'-33.8700000,151.2,11,10,,au,nsw,,
,,,,,,,,,67.180.21.175,37.33,'-121.8300000,'-8,'-7,408/669,us,ca,,
,,,,,,,,,35.141.43.174,29.13,'-81.1200000,'-5,'-4,386,us,fl,,
,,,,,,,,,86.26.66.68,51.56,0.15,0,1,,uk,bdg,,
,,,,,,,,,73.37.127.54,45.55,'-122.6400000,'-8,'-7,503/971,us,or,,
,,,,,,,,,73.222.154.66,37.88,'-122.1800000,'-8,'-7,925,us,ca,,
,,,,,,,,,162.84.137.160,40.7,'-73.9900000,'-5,'-4,718/347,us,ny,,
,,,,,,,,,76.31.177.242,29.55,'-95.3300000,'-6,'-5,713/281/832,us,tx,,
,,,,,,,,,67.149.130.94,42.56,'-83.1200000,'-5,'-4,248/947,us,mi,,
,,,,,,,,,73.209.88.34,41.88,'-87.6200000,'-6,'-5,312/773/708/872,us,il,,
,,,,,,,,,100.7.43.85,37.54,'-77.6700000,'-5,'-4,804,us,va,,
,,,,,,,,,99.99.168.94,42.03,'-87.6900000,'-6,'-5,847/224,us,il,,
,,,,,,,,,47.14.124.97,42.17,'-71.6000000,'-5,'-4,508/774,us,ma,,
,,,,,,,,,79.46.105.236,37.52,15.01,1,2,,it,ct,,
,,,,,,,,,68.131.61.242,36.84,'-76.0900000,'-5,'-4,757,us,va,,
,,,,,,,,,189.6.123.50,'-15.7900000,'-47.9400000,'-2,'-3,,br,df,,
,,,,,,,,,183.77.248.89,35.13,140.01,9,9,,jp,12,,
,,,,,,,,,92.1.113.189,51.41,'-0.1500000,0,1,,uk,mrt,,
,,,,,,,,,116.206.8.10,'-6.5700000,106.75,7,7,Asia/Jakarta,ID,JB,,
,,,,,,,,,143.159.151.15,53.47,'-2.1700000,0,1,Europe/London,UK,MAN,,
,,,,,,,,,88.15.144.124,37.39,'-5.9900000,1,2,,es,se,,
,,,,,,,,,162.206.78.80,37.46,'-122.2300000,'-8,'-7,650,us,ca,,
,,,,,,,,,99.29.24.25,32.85,'-116.9900000,'-8,'-7,619,us,ca,,
,,,,,,,,,184.148.77.71,45.28,'-75.7600000,'-5,'-4,America/Montreal,CA,ON,,
,,,,,,,,,24.23.207.74,37.33,'-121.7900000,'-8,'-7,408/669,us,ca,,
,,,,,,,,,70.79.100.217,49.23,'-123.0000000,'-8,'-7,604,ca,bc,,
,,,,,,,,,174.7.0.141,49.17,'-123.1200000,'-8,'-7,604,ca,bc,,
,,,,,,,,,70.27.101.195,43.57,'-79.7200000,'-5,'-4,America/Toronto,CA,ON,,
,,,,,,,,,109.23.253.79,47.22,'-1.5500000,1,2,,fr,pdl,,
,,,,,,,,,173.49.151.33,40.07,'-75.1700000,'-5,'-4,215/267/445,us,pa,,
,,,,,,,,,77.224.233.228,38.28,'-0.5700000,1,2,,es,a,,
,,,,,,,,,201.17.93.109,'-22.9000000,'-43.1800000,'-2,'-3,America/Sao_Paulo,BR,RJ,,
,,,,,,,,,82.4.26.16,55.94,'-3.2200000,0,1,Europe/London,UK,EDH,,
,,,,,,,,,107.77.223.168,40.6,'-80.2900000,'-5,'-4,724/878,us,pa,,
,,,,,,,,,73.222.148.14,37.65,'-122.4300000,'-8,'-7,650,us,ca,,
,,,,,,,,,108.7.220.158,42.48,'-71.1600000,'-5,'-4,781/339,us,ma,,
,,,,,,,,,77.225.254.74,43.32,'-1.9000000,1,2,,es,ss,,
,,,,,,,,,185.181.52.2,33.35,44.42,3,3,,iq,bg,,
,,,,,,,,,92.40.176.229,51.51,'-0.7500000,0,1,,uk,wnm,,
,,,,,,,,,73.115.167.9,29.82,'-95.5200000,'-6,'-5,America/Indiana/Knox,US,TX,,
,,,,,,,,,176.50.82.160,53.36,83.76,6,7,,ru,alt,,
,,,,,,,,,141.239.103.222,21.4,'-157.7500000,'-10,'-10,808,us,hi,,
,,,,,,,,,67.186.64.37,41.82,'-87.6100000,'-6,'-5,773,us,il,,
,,,,,,,,,186.50.84.132,'-34.8500000,'-56.1900000,'-2,'-3,,uy,mo,,
,,,,,,,,,108.185.180.120,34.14,'-118.7600000,'-8,'-7,747/818,us,ca,,
,,,,,,,,,70.177.202.14,36.88,'-76.2600000,'-5,'-4,757,us,va,,
,,,,,,,,,70.190.236.246,33.82,'-111.9500000,'-7,'-7,480,us,az,,
,,,,,,,,,98.33.21.108,37.54,'-122.3000000,'-8,'-7,650,us,ca,,
,,,,,,,,,118.136.173.61,'-6.1300000,106.75,7,7,,id,jk,,
,,,,,,,,,92.252.78.123,52.24,8.17,1,2,,de,ni,,
,,,,,,,,,200.114.197.129,'-34.5700000,'-58.5200000,'-2,'-3,,ar,b,,
,,,,,,,,,98.194.181.129,29.75,'-95.8100000,'-6,'-5,281/346/832,us,tx,,
,,,,,,,,,67.85.110.122,40.62,'-73.9700000,'-5,'-4,718/347,us,ny,,
,,,,,,,,,191.6.17.200,'-23.5200000,'-46.6300000,'-3,'-3,,br,sp,,
,,,,,,,,,67.180.219.137,37.65,'-122.4300000,'-8,'-7,650,us,ca,,
,,,,,,,,,173.149.228.190,29.76,'-95.3600000,'-6,'-5,America/Indiana/Knox,US,TX,,
,,,,,,,,,96.243.22.66,42.98,'-78.7300000,'-5,'-4,716,us,ny,,
,,,,,,,,,93.144.221.28,40.46,17.3,1,2,,it,ta,,
,,,,,,,,,71.146.187.136,34.08,'-118.2600000,'-8,'-7,213,us,ca,,
,,,,,,,,,68.70.50.189,42.94,'-78.8400000,'-5,'-4,716,us,ny,,
,,,,,,,,,72.43.206.50,42.72,'-78.9300000,'-5,'-4,716,us,ny,,
,,,,,,,,,78.186.24.175,37.02,35.39,2,3,,tr,1,,
,,,,,,,,,141.239.77.78,21.38,'-157.9300000,'-10,'-10,808,us,hi,,
,,,,,,,,,108.223.177.110,29.83,'-95.4300000,'-6,'-5,America/Indiana/Knox,US,TX,,
,,,,,,,,,205.201.23.174,42.34,'-71.0300000,'-5,'-4,617/857,us,ma,,
,,,,,,,,,87.71.124.18,,,,,,,,,
,,,,,,,,,1.143.123.29,'-33.8700000,151.2,11,10,,au,nsw,,
,,,,,,,,,134.191.232.72,32.83,34.97,2,3,Asia/Jerusalem,IL,HA,,
,,,,,,,,,24.8.101.29,39.1,'-94.5800000,'-7,'-6,816,us,mo,,
,,,,,,,,,191.255.119.126,'-23.5200000,'-46.6300000,'-2,'-3,,br,sp,,
,,,,,,,,,71.30.167.71,29.57,'-95.6400000,'-6,'-5,281/832/346,us,tx,,
,,,,,,,,,47.157.20.24,33.82,'-118.1100000,'-8,'-7,562/310/657/714,us,ca,,
,,,,,,,,,191.186.176.127,'-12.9600000,'-38.5100000,'-3,'-3,,br,ba,,
,,,,,,,,,99.24.40.8,30.15,'-95.7400000,'-6,'-5,713/281/832,us,tx,,
,,,,,,,,,138.97.193.93,'-9.7500000,'-36.6600000,'-3,'-3,America/Maceio,BR,AL,,
,,,,,,,,,203.189.118.89,14.12,121.33,8,8,,ph,lag,,
,,,,,,,,,45.225.15.4,'-12.9600000,'-38.5100000,'-3,'-3,,br,ba,,
,,,,,,,,,24.84.135.5,49.17,'-122.6500000,'-8,'-7,604,ca,bc,,
,,,,,,,,,91.163.146.155,49.26,4.03,1,2,,fr,ges,,
,,,,,,,,,45.17.163.58,33.79,'-84.3900000,'-5,'-4,404/678/470,us,ga,,
,,,,,,,,,70.30.87.246,45.42,'-75.6800000,'-5,'-4,613,ca,on,,
,,,,,,,,,23.240.9.247,33.96,'-118.4000000,'-8,'-7,America/Los_Angeles,US,CA,,
,,,,,,,,,177.39.56.194,'-10.8600000,'-37.1000000,'-3,'-3,America/Maceio,BR,SE,,
,,,,,,,,,184.153.7.240,40.77,'-73.9600000,'-5,'-4,212/332/646/917,us,ny,,
,,,,,,,,,74.108.21.144,41.04,'-73.6300000,'-5,'-4,203/475,us,ct,,
,,,,,,,,,65.25.187.53,43.22,'-87.9500000,'-6,'-5,262,us,wi,,
,,,,,,,,,201.108.177.242,19.53,'-96.8900000,'-6,'-5,,mx,ver,,
,,,,,,,,,178.237.237.134,40.43,'-3.6800000,1,2,,es,m,,
,,,,,,,,,174.27.144.220,43.61,'-116.4000000,'-7,'-6,208/986,us,id,,
,,,,,,,,,98.4.55.188,42.91,'-78.6300000,'-5,'-4,716,us,ny,,
,,,,,,,,,104.218.225.97,43.29,'-92.8100000,'-6,'-5,641,us,ia,,
,,,,,,,,,173.18.126.24,42.04,'-91.5900000,'-6,'-5,319,us,ia,,
,,,,,,,,,24.114.74.156,43.67,'-79.4200000,'-5,'-4,416,ca,on,,
,,,,,,,,,65.112.8.18,39.99,'-75.1400000,'-5,'-4,215/267/445,us,pa,,
,,,,,,,,,187.183.3.217,'-29.9600000,'-51.2000000,'-2,'-3,,br,rs,,
,,,,,,,,,50.101.8.163,43.65,'-79.9100000,'-5,'-4,905,ca,on,,
,,,,,,,,,124.168.93.23,'-33.8700000,151.2,11,10,,au,nsw,,
,,,,,,,,,41.66.28.166,5.33,'-4.0300000,0,0,,ci,ab,,
,,,,,,,,,82.161.248.56,51.33,5.99,1,2,,nl,li,,
,,,,,,,,,212.84.159.24,52.35,4.88,1,2,,nl,nh,,
,,,,,,,,,194.191.227.50,47.1,6.83,1,2,,ch,ne,,
,,,,,,,,,94.54.237.49,41.01,28.98,2,3,,tr,34,,
,,,,,,,,,189.217.1.126,19.44,'-98.9300000,'-6,'-5,,mx,mex,,
,,,,,,,,,123.194.81.104,25.03,121.51,8,8,,tw,tpe,,
,,,,,,,,,58.111.131.196,'-33.8300000,151.17,11,10,,au,nsw,,
,,,,,,,,,200.237.132.73,'-9.7500000,'-36.6600000,'-3,'-3,America/Maceio,BR,AL,,
,,,,,,,,,170.245.95.180,'-1.3900000,'-48.3700000,'-3,'-3,,br,pa,,
,,,,,,,,,45.162.13.14,'-13.8600000,'-40.0800000,'-3,'-3,,br,ba,,
,,,,,,,,,174.192.196.159,39.17,'-77.2700000,'-5,'-4,301/240,us,md,,
,,,,,,,,,152.249.201.45,'-23.5100000,'-46.8800000,'-2,'-3,,br,sp,,
,,,,,,,,,187.110.82.182,'-9.7500000,'-36.6600000,'-3,'-3,,br,al,,
,,,,,,,,,77.231.103.73,28.49,'-16.3200000,0,1,,es,tf,,
,,,,,,,,,5.173.25.43,53.02,18.63,1,2,,pl,4,,
,,,,,,,,,200.9.125.235,'-15.7900000,'-47.8800000,'-2,'-3,,br,df,,
,,,,,,,,,179.119.16.92,'-15.7900000,'-47.9400000,'-2,'-3,,br,df,,
,,,,,,,,,138.99.31.43,'-9.7500000,'-36.6600000,'-3,'-3,America/Maceio,BR,AL,,
,,,,,,,,,179.99.121.247,'-23.5200000,'-46.6300000,'-2,'-3,,br,sp,,
,,,,,,,,,170.83.171.140,'-5.8800000,'-35.3700000,'-3,'-3,,br,rn,,
,,,,,,,,,187.183.3.217,'-29.9600000,'-51.2000000,'-2,'-3,,br,rs,,
,,,,,,,,,174.226.12.246,37.6,'-77.6600000,'-5,'-4,804,us,va,,
,,,,,,,,,179.70.53.148,'-1.4500000,'-48.5000000,'-3,'-3,,br,pa,,
,,,,,,,,,152.249.182.92,'-22.8800000,'-47.0400000,'-2,'-3,America/Sao_Paulo,BR,SP,,
,,,,,,,,,107.218.64.18,34.02,'-118.4000000,'-8,'-7,America/Los_Angeles,US,CA,,
,,,,,,,,,201.1.131.178,'-23.5200000,'-46.6300000,'-2,'-3,,br,sp,,
,,,,,,,,,179.100.59.234,'-23.5200000,'-46.6300000,'-2,'-3,,br,sp,,
,,,,,,,,,70.191.173.91,30.43,'-87.3200000,'-6,'-5,850,us,fl,,
,,,,,,,,,96.237.230.247,42.35,'-71.5500000,'-5,'-4,508/774,us,ma,,
,,,,,,,,,74.89.242.82,41.08,'-73.4800000,'-5,'-4,203/475,us,ct,,
,,,,,,,,,45.51.97.21,34.02,'-118.4000000,'-8,'-7,310/424,us,ca,,
,,,,,,,,,209.122.112.156,40.78,'-73.9800000,'-5,'-4,212/332/646/917,us,ny,,
,,,,,,,,,68.10.101.52,36.86,'-76.0100000,'-5,'-4,America/New_York,US,VA,,
,,,,,,,,,37.163.42.143,45.47,9.19,1,2,,it,mi,,
,,,,,,,,,67.149.15.230,40.73,'-73.9900000,'-5,'-4,212/332/646/917,us,ny,,
,,,,,,,,,62.57.191.194,41.07,1.05,1,2,,es,t,,
,,,,,,,,,81.129.234.83,57.58,'-3.8700000,0,1,,uk,hld,,
,,,,,,,,,152.169.236.81,'-32.9500000,'-60.6700000,'-2,'-3,,ar,s,,
,,,,,,,,,24.46.67.180,40.84,'-73.9200000,'-5,'-4,347/718/929/917,us,ny,,
,,,,,,,,,70.160.182.96,36.78,'-76.0800000,'-5,'-4,757,us,va,,
,,,,,,,,,79.50.25.240,44.5,11.33,1,2,,it,bo,,
,,,,,,,,,116.250.239.8,'-28.5900000,148.23,10,10,Australia/Brisbane,AU,QLD,,
,,,,,,,,,150.116.192.15,25.03,121.51,8,8,,tw,tpe,,
,,,,,,,,,106.66.241.164,20.66,74.38,6,6,,in,mh,,
,,,,,,,,,93.176.141.97,41.45,2.25,1,2,,es,b,,
,,,,,,,,,82.20.128.164,52.64,'-1.0900000,0,1,,uk,lce,,
,,,,,,,,,123.16.81.134,21.03,105.84,7,7,Asia/Ho_Chi_Minh,VN,HN,,
,,,,,,,,,14.163.176.233,21.03,105.84,7,7,,vn,hn,,
,,,,,,,,,82.2.26.79,51.59,'-0.0100000,0,1,,uk,wft,,
,,,,,,,,,103.221.250.118,19.07,72.88,6,6,,in,mh,,
,,,,,,,,,24.177.2.154,42.23,'-72.7200000,'-5,'-4,413,us,ma,,
,,,,,,,,,72.75.243.61,42.84,'-78.7600000,'-5,'-4,716,us,ny,,
,,,,,,,,,106.206.8.13,12.96,77.58,6,6,,in,ka,,
,,,,,,,,,76.116.121.13,39.97,'-75.3100000,'-5,'-4,610/484,us,pa,,
,,,,,,,,,174.196.129.56,38.82,'-77.1500000,'-5,'-4,America/New_York,US,VA,,
,,,,,,,,,174.196.129.56,37.55,'-77.4600000,'-5,'-4,804,us,va,,
,,,,,,,,,104.238.59.125,28.62,'-81.4400000,'-5,'-4,407/321/689,us,fl,,
,,,,,,,,,136.35.209.252,39.22,'-94.5700000,'-6,'-5,816,us,mo,,
,,,,,,,,,76.16.50.72,41.57,'-88.2100000,'-6,'-5,815/779,us,il,,
,,,,,,,,,5.90.230.40,40.83,14.21,1,2,,it,na,,
,,,,,,,,,142.112.144.168,44.17,'-77.3700000,'-5,'-4,613,ca,on,,
,,,,,,,,,212.224.227.224,50.82,4.38,1,2,Europe/Brussels,BE,BRU,,
,,,,,,,,,173.66.220.191,38.89,'-77.1000000,'-5,'-4,703/571,us,va,,
,,,,,,,,,107.77.204.130,39.81,'-75.0000000,'-5,'-4,856,us,nj,,
,,,,,,,,,99.203.91.69,29.76,'-95.3600000,'-6,'-5,832/713/281/346,us,tx,,
,,,,,,,,,69.113.193.35,40.66,'-73.6100000,'-5,'-4,516,us,ny,,
,,,,,,,,,24.34.132.247,41.82,'-69.9900000,'-5,'-4,508/774,us,ma,,
,,,,,,,,,24.118.234.246,45.16,'-92.9600000,'-6,'-5,651,us,mn,,
,,,,,,,,,102.182.40.27,'-34.0400000,18.45,2,2,,za,wc,,
,,,,,,,,,190.157.217.109,4.63,'-74.0700000,'-5,'-5,,co,dc,,
,,,,,,,,,173.50.127.72,36.84,'-76.0300000,'-5,'-4,America/New_York,US,VA,,
,,,,,,,,,68.4.39.204,33.61,'-117.6600000,'-8,'-7,949,us,ca,,
,,,,,,,,,213.79.50.139,54.96,'-7.7300000,0,1,,ie,dl,,
,,,,,,,,,157.131.251.55,37.9,'-122.2800000,'-8,'-7,510,us,ca,,
,,,,,,,,,1.38.56.38,10.82,78.72,6,6,,in,tn,,
,,,,,,,,,14.192.209.112,3.14,101.61,8,8,,my,10,,
,,,,,,,,,64.228.244.195,43.66,'-79.3600000,'-5,'-4,416,ca,on,,
,,,,,,,,,65.52.175.67,37.45,118.58,8,8,,cn,sd,,
,,,,,,,,,45.20.8.144,36.38,'-94.2100000,'-6,'-5,479,us,ar,,
,,,,,,,,,24.226.207.200,45.83,'-74.2200000,'-5,'-4,450,ca,qc,,
,,,,,,,,,174.223.2.137,33.88,'-84.3300000,'-6,'-5,404/678/470,us,ga,,
,,,,,,,,,176.27.9.228,53.53,'-2.1200000,0,1,,uk,old,,
,,,,,,,,,173.25.68.251,52.38,4.91,'-6,'-5,,nl,nh,,
,,,,,,,,,216.170.169.75,44.67,'-67.5900000,'-5,'-4,207,us,me,,
,,,,,,,,,99.203.68.86,33.86,'-84.4000000,'-5,'-4,404/678/470,us,ga,,
,,,,,,,,,107.140.129.222,35.11,'-81.1800000,'-5,'-4,803,us,sc,,
,,,,,,,,,24.243.10.193,29.54,'-98.4200000,'-6,'-5,America/Chicago,US,TX,,
,,,,,,,,,73.251.186.217,37.56,'-77.3700000,'-5,'-4,804,us,va,,
,,,,,,,,,73.203.92.193,41.14,'-85.0600000,'-7,'-6,260,us,in,,
,,,,,,,,,129.205.124.31,6.49,3.41,1,1,Africa/Lagos,NG,LA,,
,,,,,,,,,41.90.6.65,'-1.2900000,36.82,3,3,,ke,30,,
,,,,,,,,,94.190.208.202,23.13,113.24,8,8,,cn,gd,,
,,,,,,,,,24.62.105.217,42.48,'-71.4500000,'-5,'-4,978/351,us,ma,,
,,,,,,,,,83.244.164.242,53.48,'-2.2400000,0,1,,uk,man,,
,,,,,,,,,24.61.77.106,42.11,'-71.1800000,'-5,'-4,781/339,us,ma,,
,,,,,,,,,120.22.229.51,'-27.4700000,153.03,10,10,,au,qld,,
,,,,,,,,,86.170.180.37,51.47,'-2.1200000,0,1,,uk,wil,,
,,,,,,,,,207.119.227.96,38.8,'-90.8600000,'-6,'-5,636,us,mo,,
,,,,,,,,,47.30.129.229,28.68,77.22,6,6,,in,dl,,
,,,,,,,,,142.177.75.81,47.62,'-52.7000000,'-4,'-3,709,ca,nl,,
,,,,,,,,,93.36.221.134,44.83,10.35,1,2,,it,pr,,
,,,,,,,,,197.210.47.80,6.49,3.41,1,1,,ng,la,,
,,,,,,,,,102.169.251.251,36.09,9.37,1,2,Africa/Tunis,TN,34,,
,,,,,,,,,82.56.201.47,38.14,13.35,1,2,Europe/Rome,IT,PA,,
,,,,,,,,,109.190.27.113,49.02,1.89,1,2,,fr,idf,,
,,,,,,,,,148.3.110.171,41.66,'-0.7800000,1,2,,es,z,,
,,,,,,,,,139.47.11.215,40.42,'-3.7000000,1,2,,es,m,,
,,,,,,,,,101.185.5.240,'-34.8700000,138.59,11,10,,au,sa,,
,,,,,,,,,86.86.175.246,52.38,4.81,1,2,,nl,nh,,
,,,,,,,,,122.173.90.193,30.73,76.78,6,6,,in,ch,,
,,,,,,,,,182.191.216.198,32.16,74.19,5,5,,pk,pb,,
,,,,,,,,,46.65.85.198,53.76,'-2.7000000,0,1,Europe/London,UK,LAN,,
,,,,,,,,,93.34.126.229,45.51,10.22,1,2,,it,bs,,
,,,,,,,,,70.54.130.79,43.7,'-79.3900000,'-5,'-4,416,ca,on,,
,,,,,,,,,93.147.239.54,43.88,11.1,1,2,,it,po,,
,,,,,,,,,151.57.186.213,41.88,12.47,1,2,,it,rm,,
,,,,,,,,,87.21.57.153,41.9,12.44,1,2,,it,rm,,
,,,,,,,,,180.241.170.113,0.53,101.45,7,7,Asia/Jakarta,ID,RI,,
,,,,,,,,,115.96.164.137,18.57,73.88,6,6,,in,mh,,
,,,,,,,,,79.42.94.254,37.52,15.09,1,2,,it,ct,,
,,,,,,,,,31.24.247.56,49.26,2.41,1,2,,fr,hdf,,
,,,,,,,,,113.193.220.164,28.68,77.22,6,6,,in,dl,,
,,,,,,,,,104.62.0.168,39.71,'-84.1700000,'-5,'-4,937,us,oh,,
,,,,,,,,,124.123.239.80,28.61,77.22,6,6,,in,dl,,
,,,,,,,,,73.202.149.203,37.78,'-122.4400000,'-8,'-7,415/628,us,ca,,
,,,,,,,,,184.170.166.160,39.96,'-85.9800000,'-5,'-4,317/463,us,in,,
,,,,,,,,,173.28.242.102,44.76,'-93.3500000,'-6,'-5,952,us,mn,,
,,,,,,,,,75.3.202.39,42.35,'-71.1200000,'-6,'-5,617/857,us,ma,,
,,,,,,,,,174.196.146.162,37.66,'-113.2000000,'-5,'-4,435,us,ut,,
,,,,,,,,,99.234.12.140,43.58,'-79.6300000,'-5,'-4,905,ca,on,,
,,,,,,,,,136.55.62.43,33.61,'-84.5000000,'-5,'-4,404/678/470,us,ga,,
,,,,,,,,,70.27.19.224,43.81,'-79.5000000,'-5,'-4,905,ca,on,,
,,,,,,,,,108.85.240.136,25.85,'-80.1800000,'-5,'-4,305/786,us,fl,,
,,,,,,,,,185.180.223.160,48.86,2.34,1,2,,fr,idf,,
,,,,,,,,,192.46.83.14,37.41,'-122.1600000,'-8,'-7,America/Los_Angeles,US,CA,,
,,,,,,,,,184.170.72.230,37.35,'-79.2800000,'-5,'-4,434,us,va,,
,,,,,,,,,70.106.235.133,39.03,'-77.4900000,'-5,'-4,703/571,us,va,,
,,,,,,,,,69.206.231.69,40.75,'-73.8500000,'-5,'-4,718/347,us,ny,,
,,,,,,,,,68.112.164.17,42.67,'-89.0000000,'-5,'-4,608,us,wi,,
,,,,,,,,,106.197.130.6,11.85,79.79,6,6,,in,tn,,
,,,,,,,,,174.221.4.179,41.85,'-87.6700000,'-6,'-5,312/872,us,il,,
,,,,,,,,,109.77.252.210,53.34,'-6.2500000,0,1,,ie,d,,
,,,,,,,,,172.58.16.127,33.96,'-118.2900000,,,323,us,ca,,
,,,,,,,,,92.114.38.54,44.46,26.13,2,3,,ro,b,,
,,,,,,,,,77.166.167.242,52.5,4.95,1,2,,nl,nh,,
,,,,,,,,,45.139.213.16,40.62,22.96,2,3,,gr,b,,
,,,,,,,,,95.246.97.3,37.58,15.09,1,2,,it,ct,,
,,,,,,,,,71.194.108.108,42.05,'-88.1300000,'-6,'-5,708/847,us,il,,
,,,,,,,,,79.55.98.81,37.61,15.17,1,2,,it,ct,,
,,,,,,,,,98.223.87.121,41.73,'-87.8300000,'-6,'-5,708,us,il,,
,,,,,,,,,95.232.65.145,45.59,9.23,1,2,Europe/Rome,IT,MI,,
,,,,,,,,,72.177.174.37,29.48,'-98.3500000,'-6,'-5,210/726,us,tx,,
,,,,,,,,,73.171.226.99,30.09,'-81.6300000,'-5,'-4,America/Kentucky/Monticello,US,FL,,
,,,,,,,,,82.23.239.71,55.89,'-4.3200000,0,1,,uk,glg,,
,,,,,,,,,67.80.188.172,41.05,'-73.5400000,'-5,'-4,203/475,us,ct,,
,,,,,,,,,72.49.109.5,39.18,'-84.4400000,'-5,'-4,513,us,oh,,
,,,,,,,,,103.217.123.187,30.87,75.93,6,6,,in,pb,,
,,,,,,,,,203.40.34.78,'-33.7300000,151.16,11,10,,au,nsw,,
,,,,,,,,,46.65.13.20,56.03,'-3.4000000,0,1,,uk,fif,,
,,,,,,,,,74.220.172.151,43.37,'-80.9800000,'-5,'-4,519,ca,on,,
,,,,,,,,,86.125.60.40,47.78,22.88,2,3,,ro,sm,,
,,,,,,,,,96.246.31.46,40.71,'-74.0100000,'-5,'-4,212/646/917/929,us,ny,,
,,,,,,,,,106.198.106.60,11.32,77.73,6,6,,in,tn,,
,,,,,,,,,23.122.114.150,32.82,'-96.7500000,'-6,'-5,214/469/972,us,tx,,
,,,,,,,,,73.223.128.5,37.78,'-122.2200000,'-8,'-7,510,us,ca,,
,,,,,,,,,69.181.189.86,37.8,'-122.2100000,'-8,'-7,510,us,ca,,
,,,,,,,,,100.0.77.201,42.42,'-71.1100000,'-5,'-4,781/339,us,ma,,
,,,,,,,,,100.7.61.28,37.43,'-77.6500000,'-5,'-4,804,us,va,,
,,,,,,,,,100.4.91.140,36.84,'-76.0900000,'-5,'-4,757,us,va,,
,,,,,,,,,82.61.120.28,41.92,12.52,1,2,,it,rm,,
,,,,,,,,,173.45.178.172,42.25,'-76.4800000,'-5,'-4,607,us,ny,,
,,,,,,,,,188.220.147.17,53.97,'-1.0600000,0,1,,uk,yor,,
,,,,,,,,,151.57.173.159,45.51,9.22,1,2,,it,mi,,
,,,,,,,,,36.68.4.70,0.53,101.45,7,7,,id,ri,,
,,,,,,,,,73.223.241.237,37.73,'-122.0800000,'-8,'-7,510,us,ca,,
,,,,,,,,,110.224.40.46,19.02,72.85,6,6,,in,mh,,
,,,,,,,,,76.120.77.112,40.04,'-105.2800000,'-7,'-6,303/720,us,co,,
,,,,,,,,,37.164.160.33,48.86,2.34,1,2,,fr,idf,,
,,,,,,,,,71.241.248.168,38.83,'-77.0900000,'-5,'-4,703/571,us,va,,
,,,,,,,,,24.190.89.209,40.75,'-74.0000000,'-5,'-4,929/917,us,ny,,
,,,,,,,,,37.152.236.218,52.63,1.31,0,1,,uk,nfk,,
,,,,,,,,,108.253.31.164,42.28,'-88.2100000,'-6,'-5,847/224,us,il,,
,,,,,,,,,78.134.62.142,45.7,9.18,1,2,Europe/Rome,IT,CO,,
,,,,,,,,,71.84.113.40,39.19,'-119.7500000,'-8,'-7,775,us,nv,,
,,,,,,,,,190.190.179.240,'-32.9500000,'-60.6700000,'-2,'-3,,ar,s,,
,,,,,,,,,47.18.101.165,40.58,'-74.3600000,'-5,'-4,732/848,us,nj,,
,,,,,,,,,66.31.45.90,42.37,'-71.1000000,'-5,'-4,617/857,us,ma,,
,,,,,,,,,174.196.135.154,38.79,'-77.0700000,'-5,'-4,703/571,us,va,,
,,,,,,,,,42.109.238.35,30.84,75.96,6,6,,in,pb,,
,,,,,,,,,81.156.53.159,51.55,'-3.1400000,0,1,,uk,crf,,
,,,,,,,,,66.65.119.154,40.78,'-73.9800000,'-5,'-4,212/332/646/917,us,ny,,
,,,,,,,,,109.146.162.129,51.68,'-4.1600000,0,1,,uk,cmn,,
,,,,,,,,,177.51.70.24,'-30.0300000,'-51.1300000,'-2,'-3,,br,rs,,
,,,,,,,,,108.84.248.24,31.53,'-87.8900000,'-6,'-5,251,us,al,,
,,,,,,,,,172.56.23.8,41.17,'-73.2700000,,,203/475,us,ct,,
,,,,,,,,,86.7.78.126,51.62,'-3.9700000,0,1,,uk,swa,,
,,,,,,,,,68.48.27.68,42.33,'-83.4800000,'-5,'-4,734,us,mi,,
,,,,,,,,,68.116.123.161,43.39,'-123.3000000,'-8,'-7,458/541,us,or,,
,,,,,,,,,142.166.158.195,47.51,'-52.6600000,'-4,'-3,709,ca,nl,,
,,,,,,,,,24.69.165.138,48.43,'-123.3200000,'-8,'-7,250,ca,bc,,
,,,,,,,,,86.178.20.97,51.67,'-3.9000000,0,1,Europe/London,UK,SWA,,
,,,,,,,,,88.230.18.226,38.63,35.51,2,3,,tr,38,,
,,,,,,,,,108.53.93.223,40.65,'-74.3500000,'-5,'-4,908,us,nj,,
,,,,,,,,,189.213.223.103,19.6,'-99.2200000,'-6,'-5,America/Mexico_City,MX,MEX,,
,,,,,,,,,96.42.197.237,43.65,'-93.3700000,'-6,'-5,507,us,mn,,
,,,,,,,,,171.50.236.112,19.11,72.89,6,6,,in,mh,,
,,,,,,,,,5.67.8.205,51.57,'-3.2200000,0,1,Europe/London,UK,CAY,,
,,,,,,,,,2.36.159.156,45.7,9.67,1,2,,it,bg,,
,,,,,,,,,200.68.137.19,19.28,'-99.1600000,'-6,'-5,,mx,cmx,,
,,,,,,,,,185.160.154.240,37.98,'-1.1300000,1,2,,es,mu,,
,,,,,,,,,70.110.22.129,38.85,'-77.1400000,'-5,'-4,703/571,us,va,,
,,,,,,,,,96.51.136.68,51.06,'-114.0800000,'-7,'-6,403,ca,ab,,
,,,,,,,,,73.136.206.8,29.62,'-95.6500000,'-6,'-5,832/346,us,tx,,
,,,,,,,,,174.242.68.61,42.36,'-71.7900000,'-5,'-4,508/774,us,ma,,
,,,,,,,,,98.186.87.25,36.37,'-94.3200000,'-6,'-5,479,us,ar,,
,,,,,,,,,82.13.254.201,51.75,'-1.2700000,0,1,,uk,oxf,,
,,,,,,,,,132.177.197.198,43.19,'-70.9100000,,,603,us,nh,,
,,,,,,,,,79.149.75.63,42.49,'-5.6100000,1,2,,es,le,,
,,,,,,,,,118.96.114.51,'-6.2000000,106.88,7,7,,id,jb,,
,,,,,,,,,84.120.42.1,41.99,2.82,1,2,,es,gi,,
,,,,,,,,,73.96.2.72,45.51,'-122.8800000,'-8,'-7,503,us,or,,
,,,,,,,,,181.46.71.143,'-34.4000000,'-58.7200000,'-2,'-3,,ar,b,,
,,,,,,,,,202.140.219.65,35.86,139.69,9,9,,jp,11,,
,,,,,,,,,156.98.118.115,44.99,'-93.1800000,'-6,'-5,651,us,mn,,
,,,,,,,,,104.11.68.191,34.27,'-118.7700000,'-8,'-7,805/820,us,ca,,
,,,,,,,,,162.233.180.198,33.7,'-84.7400000,'-5,'-4,770/678/470,us,ga,,
,,,,,,,,,70.176.8.221,33.82,'-111.9500000,'-7,'-7,480,us,az,,
,,,,,,,,,66.183.130.16,49.19,'-122.9500000,'-8,'-7,604,ca,bc,,
,,,,,,,,,104.129.194.212,40.08,'-75.3000000,'-5,'-4,610/484,us,pa,,
,,,,,,,,,2.137.189.186,37.3,'-6.9600000,1,2,,es,h,,
,,,,,,,,,219.74.128.99,1.29,103.81,8,8,,sg,1,,
,,,,,,,,,73.61.11.158,42.37,'-71.1000000,'-5,'-4,617/857,us,ma,,
,,,,,,,,,67.173.200.53,33.6,'-84.0600000,'-5,'-4,770/678/470,us,ga,,
,,,,,,,,,98.32.228.254,41.95,'-88.0800000,'-6,'-5,630/331,us,il,,
,,,,,,,,,184.147.159.130,43.49,'-79.7100000,'-5,'-4,905,ca,on,,
,,,,,,,,,74.130.42.143,38.13,'-85.5900000,'-5,'-4,502,us,ky,,
,,,,,,,,,47.16.134.180,40.64,'-73.9800000,'-5,'-4,718/347,us,ny,,
,,,,,,,,,75.90.163.27,37.88,'-84.5700000,'-5,'-4,859,us,ky,,
,,,,,,,,,99.242.79.199,42.94,'-81.2700000,'-5,'-4,519,ca,on,,
,,,,,,,,,69.128.32.15,42.82,'-84.2300000,'-5,'-4,517,us,mi,,
,,,,,,,,,73.16.45.0,41.85,'-71.2500000,'-5,'-4,508/774,us,ma,,
,,,,,,,,,71.76.181.118,36.01,'-80.0000000,'-5,'-4,336/743,us,nc,,
,,,,,,,,,173.66.182.178,38.75,'-77.2400000,'-5,'-4,703/571,us,va,,
,,,,,,,,,80.224.167.82,40.42,'-3.7000000,1,2,,es,m,,
,,,,,,,,,110.175.198.96,'-33.8700000,151.2,11,10,,au,nsw,,
,,,,,,,,,79.152.54.40,39.89,'-5.5400000,1,2,,es,cc,,
,,,,,,,,,144.124.254.223,52.41,'-4.0800000,,,,uk,cgn,,
,,,,,,,,,78.30.57.247,37.39,'-5.9900000,1,2,Europe/Madrid,ES,SE,,
,,,,,,,,,120.148.218.241,'-37.8300000,145.17,11,10,,au,vic,,
,,,,,,,,,62.20.231.194,59.51,16,1,2,,se,u,,
,,,,,,,,,42.145.13.162,35.36,139.48,9,9,,jp,14,,
,,,,,,,,,121.115.177.206,39.45,140.49,9,9,,jp,5,,
,,,,,,,,,118.149.78.10,'-36.8500000,174.77,13,12,,nz,auk,,
,,,,,,,,,124.168.187.95,'-34.6700000,150.86,11,10,,au,nsw,,
,,,,,,,,,203.219.132.179,'-31.9500000,115.86,8,8,,au,wa,,
,,,,,,,,,172.248.63.198,33.82,'-117.9700000,,,657/714,us,ca,,
,,,,,,,,,79.40.205.38,45.08,7.65,1,2,,it,to,,
,,,,,,,,,87.6.56.187,45.47,9.19,1,2,,it,mi,,
,,,,,,,,,5.183.213.46,48.71,2.87,1,2,,fr,idf,,
,,,,,,,,,107.11.153.185,39.96,'-82.9300000,'-5,'-4,614/380,us,oh,,
,,,,,,,,,104.2.254.66,26.09,'-80.2400000,'-5,'-4,954/754,us,fl,,
,,,,,,,,,79.228.171.55,48.28,9,1,2,,de,bw,,
,,,,,,,,,65.112.8.18,42.36,'-71.0500000,'-5,'-4,America/New_York,US,MA,,
,,,,,,,,,173.73.169.18,38.89,'-77.1000000,'-5,'-4,703/571,us,va,,
,,,,,,,,,174.117.107.220,47.52,'-52.8100000,'-4,'-3,709,ca,nl,,
,,,,,,,,,101.177.235.209,'-35.3500000,149.23,11,10,Australia/Sydney,AU,NSW,,
,,,,,,,,,173.3.103.71,40.95,'-73.7900000,'-5,'-4,914,us,ny,,
,,,,,,,,,60.241.51.164,'-33.8700000,151.2,11,10,,au,nsw,,
,,,,,,,,,67.186.169.239,41.39,'-73.4600000,'-5,'-4,203/475,us,ct,,
,,,,,,,,,67.87.71.226,40.64,'-73.9800000,'-5,'-4,718/347,us,ny,,
,,,,,,,,,47.17.214.190,40.88,'-73.9100000,'-5,'-4,718/929,us,ny,,
,,,,,,,,,172.58.175.153,,,,,,,,,
,,,,,,,,,68.57.158.229,30.67,'-88.1000000,'-6,'-5,251,us,al,,
,,,,,,,,,76.111.249.128,33.87,'-84.4300000,'-5,'-4,404/678/470,us,ga,,
,,,,,,,,,24.220.102.156,45.59,'-94.3300000,'-6,'-5,320,us,mn,,
,,,,,,,,,97.37.55.92,42.03,'-87.7600000,'-5,'-4,847/224,us,il,,
,,,,,,,,,70.177.206.123,36.91,'-76.2800000,'-5,'-4,757,us,va,,
,,,,,,,,,24.34.140.79,42.39,'-71.1300000,'-5,'-4,617/857,us,ma,,
,,,,,,,,,128.103.24.19,,,,,,,,,
,,,,,,,,,173.44.112.190,43.43,'-70.9100000,'-5,'-4,207,us,me,,
,,,,,,,,,73.164.202.188,45.69,'-122.6600000,'-8,'-7,360/564,us,wa,,
,,,,,,,,,24.189.230.49,40.88,'-72.9600000,'-5,'-4,631/934,us,ny,,
,,,,,,,,,119.74.235.20,1.29,103.81,8,8,,sg,1,,
,,,,,,,,,96.245.23.216,40.31,'-75.9200000,'-5,'-4,America/New_York,US,PA,,
,,,,,,,,,173.18.13.139,41.68,'-91.5800000,'-6,'-5,319,us,ia,,
,,,,,,,,,108.49.156.107,42.25,'-71.1300000,'-5,'-4,617/857,us,ma,,
,,,,,,,,,37.163.234.161,45.47,9.19,1,2,Europe/Rome,IT,MI,,
,,,,,,,,,87.0.248.120,45.45,10.99,1,2,,it,vr,,
,,,,,,,,,77.251.37.175,52.37,4.84,1,2,,nl,nh,,
,,,,,,,,,173.178.244.30,45.37,'-72.4900000,'-5,'-4,450,ca,qc,,
,,,,,,,,,146.168.29.233,43.59,'-71.2200000,'-5,'-4,603,us,nh,,
,,,,,,,,,73.69.210.252,42.4,'-71.1200000,'-5,'-4,617/857,us,ma,,
,,,,,,,,,24.57.245.244,42.33,'-82.9500000,'-5,'-4,519,ca,on,,
,,,,,,,,,107.3.103.203,42.59,'-71.4400000,'-5,'-4,978/351,us,ma,,
,,,,,,,,,107.138.100.27,41.92,'-87.6500000,'-6,'-5,773,us,il,,
,,,,,,,,,209.6.147.165,42.34,'-71.1200000,'-5,'-4,America/New_York,US,MA,,
,,,,,,,,,108.21.240.151,41.24,'-74.0100000,'-5,'-4,America/New_York,US,NY,,
,,,,,,,,,216.119.215.193,40.73,'-73.9500000,'-6,'-5,718/347,us,ny,,
,,,,,,,,,99.135.11.40,26.52,'-80.0800000,'-5,'-4,561,us,fl,,
,,,,,,,,,99.241.184.63,43.77,'-79.4100000,'-5,'-4,416,ca,on,,
,,,,,,,,,72.208.225.249,33.24,'-111.7900000,'-7,'-7,480,us,az,,
,,,,,,,,,71.196.162.101,42.87,'-109.8700000,'-7,'-6,307,us,wy,,
,,,,,,,,,72.88.207.113,40.75,'-74.2600000,'-5,'-4,973/862,us,nj,,
,,,,,,,,,216.208.243.253,47.54,'-52.7600000,'-4,'-3,709,ca,nl,,
,,,,,,,,,93.40.254.112,45.04,7.63,1,2,,it,to,,
,,,,,,,,,210.55.77.1,'-37.6800000,176.13,13,12,,nz,bop,,
,,,,,,,,,99.89.187.102,30.13,'-97.8300000,'-6,'-5,America/Chicago,US,TX,,
,,,,,,,,,79.40.246.140,45.49,12.24,1,2,,it,ve,,
,,,,,,,,,74.78.178.62,44.01,'-70.9700000,'-5,'-4,America/New_York,US,ME,,
,,,,,,,,,76.31.42.177,38.88,'-77.1400000,'-6,'-5,703/571,us,va,,
,,,,,,,,,95.245.189.133,45.37,11.88,1,2,,it,pd,,
,,,,,,,,,99.246.119.45,43.57,'-79.7200000,'-5,'-4,905,ca,on,,
,,,,,,,,,208.76.29.26,37.85,'-122.0200000,'-8,'-7,925,us,ca,,
,,,,,,,,,76.66.96.215,45.28,'-75.8500000,'-5,'-4,613,ca,on,,
,,,,,,,,,84.84.133.87,52.01,4.34,1,2,,nl,zh,,
,,,,,,,,,141.134.81.20,51.16,4.43,1,2,Europe/Brussels,BE,VAN,,
,,,,,,,,,67.180.216.81,37.45,'-122.1300000,'-8,'-7,650,us,ca,,
,,,,,,,,,209.6.124.248,42.41,'-71.1800000,'-5,'-4,781/339,us,ma,,
,,,,,,,,,209.6.41.81,42.4,'-71.1200000,'-5,'-4,617/857,us,ma,,
,,,,,,,,,151.16.117.6,45.47,9.19,1,2,,it,mi,,
,,,,,,,,,96.241.51.146,39.04,'-77.0500000,'-5,'-4,301/240,us,md,,
,,,,,,,,,79.108.143.134,39.47,'-0.3800000,1,2,,es,v,,
,,,,,,,,,93.34.82.178,44.48,11.39,1,2,,it,bo,,
,,,,,,,,,62.131.189.168,52.02,4.87,1,2,,nl,ut,,
,,,,,,,,,76.201.56.223,34.27,'-118.7700000,'-8,'-7,805/820,us,ca,,
,,,,,,,,,24.255.199.211,38.05,'-97.3500000,'-6,'-5,316,us,ks,,
,,,,,,,,,151.36.165.51,45.51,9.22,1,2,,it,mi,,
,,,,,,,,,91.106.18.104,39.47,'-0.3900000,1,2,,es,v,,
,,,,,,,,,46.37.83.29,36.62,'-6.3600000,1,2,,es,ca,,
,,,,,,,,,104.218.66.4,40.75,'-96.6500000,'-6,'-5,402/531,us,ne,,
,,,,,,,,,5.90.59.107,45.48,9.15,1,2,,it,mi,,
,,,,,,,,,90.156.6.197,51.14,17.13,1,2,,pl,2,,
,,,,,,,,,62.94.91.126,45.64,10.61,1,2,,it,bs,,
,,,,,,,,,1.152.110.67,'-37.7600000,144.92,11,10,Australia/Melbourne,AU,VIC,,
,,,,,,,,,2.36.51.254,46.17,9.87,1,2,,it,so,,
,,,,,,,,,79.21.95.32,45.57,9.98,1,2,,it,bs,,
,,,,,,,,,86.30.13.113,51.52,'-0.0900000,0,1,,uk,lnd,,
,,,,,,,,,120.159.35.191,'-33.9300000,151.02,11,10,,au,nsw,,
,,,,,,,,,174.117.71.154,47.62,'-52.7000000,'-4,'-3,709,ca,nl,,
,,,,,,,,,90.166.160.61,40.39,'-3.7200000,1,2,,es,m,,
,,,,,,,,,23.233.57.241,45.42,'-75.6300000,'-5,'-4,America/Montreal,CA,ON,,
,,,,,,,,,86.188.30.39,52.06,'-2.7100000,0,1,,uk,hef,,
,,,,,,,,,72.77.89.48,40.39,'-80.2000000,'-5,'-4,724/878,us,pa,,
,,,,,,,,,74.71.221.45,40.64,'-74.0200000,'-5,'-4,718/347,us,ny,,
,,,,,,,,,96.227.239.117,39.92,'-75.1900000,'-5,'-4,215/267/445,us,pa,,
,,,,,,,,,108.65.146.92,29.76,'-95.5100000,'-6,'-5,713/281/832,us,tx,,
,,,,,,,,,96.238.190.16,37.58,'-77.5200000,'-5,'-4,804,us,va,,
,,,,,,,,,172.2.63.198,34.31,'-80.6100000,,,803,us,sc,,
,,,,,,,,,170.81.149.107,'-22.8200000,'-45.6800000,'-2,'-3,,br,sp,,
,,,,,,,,,76.24.20.144,41.86,'-72.6700000,'-5,'-4,860/959,us,ct,,
,,,,,,,,,68.54.77.37,35.48,'-84.0900000,'-5,'-4,423,us,tn,,
,,,,,,,,,90.220.45.243,55.81,'-4.2900000,0,1,,uk,erw,,
,,,,,,,,,51.146.28.174,55.98,'-3.7300000,0,1,,uk,fal,,
,,,,,,,,,79.41.103.213,45.32,11.86,1,2,,it,pd,,
,,,,,,,,,93.172.150.135,32.06,34.76,2,3,,il,ta,,
,,,,,,,,,76.14.190.77,37.65,'-122.4300000,'-8,'-7,650,us,ca,,
,,,,,,,,,99.247.18.170,43.59,'-79.7600000,'-5,'-4,905,ca,on,,
,,,,,,,,,108.46.191.155,40.6,'-73.7600000,'-5,'-4,347/929/718/516,us,ny,,
,,,,,,,,,69.119.165.18,40.76,'-73.9900000,'-5,'-4,212/332/646/917,us,ny,,
,,,,,,,,,8.9.94.152,43.17,'-77.5600000,'-5,'-4,585,us,ny,,
,,,,,,,,,50.92.246.160,49.95,'-124.3900000,'-8,'-7,604,ca,bc,,
,,,,,,,,,121.210.17.226,'-33.7900000,151,11,10,,au,nsw,,
,,,,,,,,,213.198.145.18,44.06,10.53,1,2,,it,lu,,
,,,,,,,,,205.220.234.186,37.36,'-79.2200000,'-5,'-4,434,us,va,,
,,,,,,,,,76.103.186.194,37.26,'-121.9200000,'-8,'-7,408/669,us,ca,,
,,,,,,,,,87.217.177.174,40.12,'-4.2400000,1,2,,es,to,,
,,,,,,,,,75.162.207.191,41.63,'-93.6700000,'-6,'-5,515,us,ia,,
,,,,,,,,,111.69.93.70,'-45.1900000,169.32,13,12,,nz,ota,,
,,,,,,,,,172.58.100.120,29.75,'-95.5600000,,,832/713/346/281,us,tx,,
,,,,,,,,,204.84.232.231,35.76,'-78.7800000,'-5,'-4,919/984,us,nc,,
,,,,,,,,,74.128.212.93,37.97,'-87.5600000,'-6,'-5,812/930,us,in,,
,,,,,,,,,173.243.189.98,39.19,'-86.5800000,'-5,'-4,812/930,us,in,,
,,,,,,,,,71.61.141.112,42.37,'-71.1000000,'-5,'-4,617/857,us,ma,,
,,,,,,,,,99.242.62.187,43,'-81.2300000,'-5,'-4,519,ca,on,,
,,,,,,,,,49.195.89.146,'-33.8700000,151.2,11,10,,au,nsw,,
,,,,,,,,,68.98.245.253,36.78,'-76.0800000,'-5,'-4,757,us,va,,
,,,,,,,,,171.255.112.133,21.03,105.84,7,7,,vn,hn,,
,,,,,,,,,94.174.96.69,51.46,'-0.3000000,0,1,,uk,ric,,
,,,,,,,,,172.116.150.93,33.63,'-117.8700000,,,949,us,ca,,
,,,,,,,,,73.222.200.244,37.77,'-122.4400000,'-8,'-7,415/628,us,ca,,
,,,,,,,,,119.75.204.218,1.28,103.85,8,8,,sg,1,,
,,,,,,,,,173.66.158.181,39.09,'-77.1700000,'-5,'-4,301/240,us,md,,
,,,,,,,,,5.95.215.152,42.14,12.54,1,2,,it,rm,,
,,,,,,,,,86.184.108.134,51.29,'-0.2400000,0,1,,uk,sry,,
,,,,,,,,,5.198.87.30,53.76,'-0.3500000,0,1,,uk,khl,,
,,,,,,,,,69.180.111.21,26.52,'-80.1100000,'-5,'-4,561,us,fl,,
,,,,,,,,,96.9.247.44,45.5,'-73.5700000,'-6,'-5,514,ca,qc,,
,,,,,,,,,93.34.82.154,45.47,9.19,1,2,,it,mi,,
,,,,,,,,,50.99.224.204,51.05,'-114.1600000,'-7,'-6,403,ca,ab,,
,,,,,,,,,88.6.189.232,41.38,2.18,1,2,,es,b,,
,,,,,,,,,153.107.40.218,'-33.8700000,151.2,11,10,,au,nsw,,
,,,,,,,,,37.135.73.202,41.98,2.82,1,2,,es,gi,,
,,,,,,,,,200.148.13.86,'-23.5200000,'-46.6300000,'-2,'-3,America/Sao_Paulo,BR,SP,,
,,,,,,,,,47.55.240.110,47.51,'-52.6600000,'-4,'-3,709,ca,nl,,
,,,,,,,,,207.229.176.105,41.87,'-87.6300000,'-6,'-5,312/773/708/872,us,il,,
,,,,,,,,,79.55.247.94,40.35,18.17,1,2,,it,le,,
,,,,,,,,,5.90.130.89,45.49,9.23,1,2,,it,mi,,
,,,,,,,,,5.90.97.57,45.47,7.88,1,2,,it,to,,
,,,,,,,,,151.46.132.253,43.82,12.72,1,2,,it,pu,,
,,,,,,,,,195.170.179.164,48.67,33.12,2,3,Europe/Zaporozhye,UA,35,,
,,,,,,,,,82.58.235.248,45.67,12.24,1,2,,it,tv,,
,,,,,,,,,31.156.198.70,41.91,12.37,1,2,,it,rm,,
,,,,,,,,,89.97.40.66,45.47,7.88,1,2,,it,to,,
,,,,,,,,,73.100.0.197,41.46,'-72.8200000,'-5,'-4,203/475,us,ct,,
,,,,,,,,,24.179.213.228,44.65,'-93.2500000,'-6,'-5,952,us,mn,,
,,,,,,,,,49.196.173.79,'-31.9500000,115.86,8,8,Australia/Perth,AU,WA,,
,,,,,,,,,67.182.32.145,37.68,'-120.9500000,'-8,'-7,209,us,ca,,
,,,,,,,,,208.180.152.66,35.28,'-77.5900000,'-5,'-4,252,us,nc,,
,,,,,,,,,85.255.235.172,51.63,0.42,0,1,,uk,ess,,
,,,,,,,,,201.105.171.83,19.28,'-99.1600000,'-6,'-5,,mx,cmx,,
,,,,,,,,,37.159.92.200,46.03,12.83,1,2,,it,36,,
,,,,,,,,,173.66.70.178,38.92,'-76.8900000,'-5,'-4,301/240,us,md,,
,,,,,,,,,173.178.105.118,45.51,'-75.7400000,'-5,'-4,819,ca,qc,,
,,,,,,,,,71.38.158.111,36.07,'-115.2600000,'-8,'-7,702/725,us,nv,,
,,,,,,,,,107.15.243.33,36.02,'-78.9500000,'-5,'-4,919/984,us,nc,,
,,,,,,,,,51.9.57.46,52.4,0.26,0,1,,uk,cam,,
,,,,,,,,,74.105.97.229,40.63,'-74.0900000,'-5,'-4,718/347,us,ny,,
,,,,,,,,,76.164.150.52,44.56,'-93.5700000,'-6,'-5,952,us,mn,,
,,,,,,,,,79.35.58.91,44.5,11.35,1,2,,it,bo,,
,,,,,,,,,151.82.162.154,46.18,13.2,1,2,,it,36,,
,,,,,,,,,90.226.74.43,56.57,14.15,1,2,,se,g,,
,,,,,,,,,68.7.73.67,33.06,'-117.2600000,'-8,'-7,442/760,us,ca,,
,,,,,,,,,68.7.73.67,33.06,'-117.2600000,'-8,'-7,442/760,us,ca,,
,,,,,,,,,219.88.224.125,'-36.8500000,174.77,13,12,,nz,auk,,
,,,,,,,,,50.101.128.61,45.35,'-75.7900000,'-5,'-4,613,ca,on,,
,,,,,,,,,108.4.199.75,39.79,'-75.6200000,'-5,'-4,302,us,de,,
,,,,,,,,,99.237.138.43,43.69,'-79.3400000,'-5,'-4,416,ca,on,,
,,,,,,,,,47.36.91.158,39.19,'-119.7500000,'-8,'-7,775,us,nv,,
,,,,,,,,,97.64.57.207,37.66,'-77.5300000,'-5,'-4,804,us,va,,
,,,,,,,,,158.140.145.250,1.28,103.85,8,8,,sg,1,,
,,,,,,,,,76.14.40.137,37.75,'-122.4200000,'-8,'-7,415/628,us,ca,,
,,,,,,,,,108.30.22.202,40.82,'-73.3700000,'-5,'-4,631/934,us,ny,,
,,,,,,,,,24.1.84.78,41.7,'-88.0800000,'-6,'-5,630/331,us,il,,
,,,,,,,,,37.160.60.239,45.47,9.19,1,2,,it,mi,,
,,,,,,,,,188.37.208.197,41.15,'-8.6000000,0,1,,pt,13,,
,,,,,,,,,67.70.205.42,42.93,'-81.2300000,'-5,'-4,519,ca,on,,
,,,,,,,,,151.65.183.65,45.52,10.18,1,2,,it,bs,,
,,,,,,,,,73.6.158.118,29.8,'-95.5600000,'-6,'-5,713/281/832,us,tx,,
,,,,,,,,,202.158.201.138,'-35.2800000,149.12,11,10,,au,act,,
,,,,,,,,,76.126.174.200,37.77,'-122.4400000,'-8,'-7,415/628,us,ca,,
,,,,,,,,,108.210.192.147,42.01,'-87.7100000,'-6,'-5,773,us,il,,
,,,,,,,,,58.182.143.83,1.28,103.85,8,8,,sg,1,,
,,,,,,,,,73.203.96.195,39.6,'-105.0900000,'-7,'-6,303/720,us,co,,
,,,,,,,,,82.1.232.198,53.48,'-2.2400000,0,1,,uk,man,,
,,,,,,,,,23.243.222.185,34.15,'-118.6000000,'-8,'-7,747/818,us,ca,,
,,,,,,,,,108.35.173.196,40.84,'-74.5700000,'-5,'-4,973/862,us,nj,,
,,,,,,,,,73.197.206.194,40.3,'-73.9900000,'-5,'-4,732/848,us,nj,,
,,,,,,,,,74.90.21.162,40.67,'-73.9200000,'-5,'-4,718/347,us,ny,,
,,,,,,,,,75.69.134.252,43.64,'-72.2500000,'-5,'-4,603,us,nh,,
,,,,,,,,,203.111.89.171,'-33.8700000,151.09,11,10,,au,nsw,,
,,,,,,,,,73.136.225.70,41.26,'-96.0500000,'-6,'-5,402/531,us,ne,,
,,,,,,,,,71.200.160.182,38.78,'-75.2800000,'-5,'-4,302,us,de,,
,,,,,,,,,167.98.46.99,51.32,'-0.6100000,0,1,,uk,sry,,
,,,,,,,,,83.86.122.137,52.06,4.65,1,2,,nl,zh,,
,,,,,,,,,100.38.26.249,40.67,'-73.9900000,'-5,'-4,718/347,us,ny,,
,,,,,,,,,188.48.248.150,21.5,39.17,3,3,,sa,2,,
,,,,,,,,,107.77.226.40,40.66,'-73.7100000,'-5,'-4,516,us,ny,,
,,,,,,,,,99.153.234.132,39.2,'-85.9300000,'-5,'-4,812/930,us,in,,
,,,,,,,,,78.30.11.190,36.72,'-4.4200000,1,2,,es,ma,,
,,,,,,,,,46.6.172.224,37.18,'-3.6000000,1,2,,es,gr,,
,,,,,,,,,85.246.62.104,38.72,'-9.1500000,0,1,,pt,11,,
,,,,,,,,,98.216.251.247,42.43,'-71.0600000,'-5,'-4,781/339,us,ma,,
,,,,,,,,,184.100.198.228,44.59,'-87.7200000,'-6,'-5,920,us,wi,,
,,,,,,,,,37.161.121.178,45.47,9.19,1,2,,it,mi,,
,,,,,,,,,188.73.244.121,37.98,23.73,2,3,,gr,i,,
,,,,,,,,,75.181.145.213,35.41,'-80.6500000,'-5,'-4,704/980,us,nc,,
,,,,,,,,,68.173.230.90,40.73,'-73.9900000,'-5,'-4,212/332/646/917,us,ny,,
,,,,,,,,,67.190.7.152,40.04,'-105.2800000,'-7,'-6,303/720,us,co,,
,,,,,,,,,78.121.239.23,46.44,3.36,1,2,,fr,ara,,
,,,,,,,,,110.141.94.185,'-42.8800000,147.32,11,10,,au,tas,,
,,,,,,,,,95.244.122.236,44.11,9.83,1,2,,it,sp,,
,,,,,,,,,92.40.183.183,54.34,'-7.7300000,0,1,,uk,fmo,,
,,,,,,,,,79.33.211.8,40.92,14.35,1,2,,it,na,,
,,,,,,,,,77.250.84.9,52.03,5.66,1,2,,nl,ge,,
,,,,,,,,,94.66.177.175,37.98,23.73,2,3,,gr,i,,
,,,,,,,,,76.91.255.178,37.75,'-122.4200000,'-8,'-7,415/628,us,ca,,
,,,,,,,,,104.186.12.201,29.79,'-95.3300000,'-6,'-5,713/281/832,us,tx,,
,,,,,,,,,68.186.197.149,32.31,'-86.2400000,'-6,'-5,334,us,al,,
,,,,,,,,,50.39.188.92,45.47,'-122.8600000,'-8,'-7,503/971,us,or,,
,,,,,,,,,99.203.92.45,39.79,'-94.8400000,'-6,'-5,816,us,mo,,
,,,,,,,,,174.196.9.193,36,'-86.7900000,'-6,'-5,615/629,us,tn,,
,,,,,,,,,24.63.56.173,42.53,'-71.7500000,'-5,'-4,978/351,us,ma,,
,,,,,,,,,174.114.29.163,45.42,'-75.6800000,'-5,'-4,613,ca,on,,
,,,,,,,,,32.208.155.179,41.68,'-72.9300000,'-5,'-4,860/959,us,ct,,
,,,,,,,,,96.246.231.146,40.91,'-73.8000000,'-5,'-4,914,us,ny,,
,,,,,,,,,108.49.150.62,42.14,'-71.2600000,'-5,'-4,508/774,us,ma,,
,,,,,,,,,96.230.11.26,42.14,'-71.2600000,'-5,'-4,508/774,us,ma,,
,,,,,,,,,107.184.133.191,34.27,'-118.7700000,'-8,'-7,805/820,us,ca,,
,,,,,,,,,97.115.38.224,45.53,'-122.6800000,'-8,'-7,503/971,us,or,,
,,,,,,,,,107.2.101.242,45,'-93.2500000,'-6,'-5,612,us,mn,,
,,,,,,,,,69.119.180.110,41.21,'-73.2100000,'-5,'-4,203/475,us,ct,,
,,,,,,,,,113.153.80.145,44.97,'-93.2800000,9,9,612,us,mn,,
,,,,,,,,,14.172.137.105,10.04,105.75,7,7,,vn,ct,,
,,,,,,,,,67.84.103.172,40.68,'-73.9600000,'-5,'-4,America/New_York,US,NY,,
,,,,,,,,,93.34.115.208,41.12,16.87,1,2,,it,ba,,
,,,,,,,,,62.176.18.15,54.91,37.23,3,4,,ru,mos,,
,,,,,,,,,73.25.22.119,45.51,'-122.9500000,'-8,'-7,503/971,us,or,,
,,,,,,,,,74.96.146.99,38.89,'-77.1000000,'-5,'-4,America/New_York,US,VA,,
,,,,,,,,,73.123.2.252,42.68,'-71.3100000,'-5,'-4,978/351,us,ma,,
,,,,,,,,,71.192.47.41,42.33,'-72.6800000,'-5,'-4,413,us,ma,,
,,,,,,,,,24.4.183.125,33.72,'-118.0500000,'-8,'-7,657/714,us,ca,,
,,,,,,,,,108.95.148.163,30.3,'-97.8100000,'-6,'-5,America/Chicago,US,TX,,
,,,,,,,,,107.194.226.121,34.18,'-118.6200000,'-8,'-7,747/818,us,ca,,
,,,,,,,,,70.68.170.129,49.28,'-122.8300000,'-8,'-7,604,ca,bc,,
,,,,,,,,,52.119.113.44,37.78,'-122.4400000,'-8,'-7,415/628,us,ca,,
,,,,,,,,,207.102.192.34,42.37,'-71.1000000,'-8,'-7,617/857,us,ma,,
,,,,,,,,,209.6.200.62,42.38,'-71.1000000,'-5,'-4,617/857,us,ma,,
,,,,,,,,,128.103.224.84,42.37,'-71.1000000,'-5,'-4,617/857,us,ma,,